ctuid,h_N_hhld,h_N_no_car_hhld,year,no_car_rate
5320001.00,1195.92269913644,87.85,2016,0.073457925051038
5320002.01,1567.60730086355,110.59,2016,0.070547004941275
5320002.02,2506.74002381004,863.557344438737,2016,0.344494178190126
5320002.03,2066.03997618996,495.472655561263,2016,0.239817554970537
5320003.01,1445.97,12.39,2016,0.008568642502957
5320003.02,2515.87,193.38,2016,0.076864066903298
5320004.01,1189.15,177.64,2016,0.149384013791364
5320004.02,2692.55,657.96,2016,0.244363150173627
5320005.00,1262.66756996215,406.536944591288,2016,0.321966726842818
5320006.00,1492.81490475255,211.260315582571,2016,0.141518091030575
5320007.00,1868.00904010366,134.430949481437,2016,0.071964828111312
5320008.01,1691.70259203232,232.111646155301,2016,0.137205941072925
5320008.02,1131.50870530684,89.9211141321472,2016,0.079470103685824
5320008.03,1535.24475780463,13.1159746485431,2016,0.008543246659444
5320008.05,1770.98524982887,61.902901598837,2016,0.034953934034639
5320008.06,1411.9761925797,23.5612997806159,2016,0.016686754284128
5320008.07,2663.07170120626,24.9899319517694,2016,0.00938387499685
5320009.01,1509.53685638517,119.855866668778,2016,0.079399099241467
5320009.02,1090.58307354262,54.5617834315531,2016,0.050029919549655
5320009.03,2282.90421547137,172.762064320032,2016,0.075676440189305
5320009.04,1165.46692645738,58.3082165684469,2016,0.050029919549656
5320009.05,2312.84578452863,175.027935679968,2016,0.075676440189305
5320010.00,2648.09243003785,815.033055408712,2016,0.307781196065374
5320011.00,2479.48,133.77,2016,0.053950828399503
5320012.01,820.239496193044,145.088500118759,2016,0.176885532569639
5320012.02,1369.99050380696,242.331499881241,2016,0.176885532569638
5320013.00,3079.39469590241,281.355973342093,2016,0.091367298163006
5320014.01,1629.69752028351,297.994749237165,2016,0.182852796625305
5320014.02,837.617481321194,153.160698961825,2016,0.182852796625306
5320015.02,1245.25726158963,63.594441476414,2016,0.051069319921277
5320015.03,1131.63550298312,205.090625914181,2016,0.181233820760783
5320015.04,1150.14617941855,61.6455786261132,2016,0.053598037996594
5320016.01,3362.61,0,2016,0
5320016.03,2115.37,0,2016,0
5320016.04,2302.56266843037,15.58,2016,0.00676637392485
5320100.01,2498.28882046045,20.1999677441303,2016,0.008085521409173
5320100.02,2092.18117953955,260.73003225587,2016,0.124621153658046
5320100.03,2054.88,0,2016,0
5320101.02,1526.7,14.27,2016,0.009346957490011
5320101.03,1528.50412987269,70.9678849250581,2016,0.046429632434797
5320101.04,1534.62587012731,71.2521150749419,2016,0.046429632434797
5320101.05,1507.78051115408,318.115740421956,2016,0.210982790975634
5320101.06,1390.71007984443,0,2016,0
5320102.01,1465.33387926982,240.217360998734,2016,0.16393353378169
5320102.02,922.646120730178,151.252639001266,2016,0.16393353378169
5320102.03,1430.53940900149,50.8742595780439,2016,0.035562990615934
5320103.00,1554.24,387.44,2016,0.249279390570311
5320104.00,1374.53,29.75,2016,0.021643761867693
5320105.03,2597.51,0,2016,0
5320105.04,1540.49,43.94,2016,0.02852339190777
5320105.05,1679.06808880545,67.9639379273152,2016,0.04047717801347
5320105.06,852.481911194546,34.5060620726848,2016,0.04047717801347
5320105.07,1471.23380297296,31.6290280473776,2016,0.021498301618318
5320105.08,1051.75619702704,22.6109719526224,2016,0.021498301618318
5320105.09,1599.50224855535,65.8949222999666,2016,0.041197142648272
5320105.10,2230.32482924141,91.8830101422417,2016,0.041197142648272
5320105.12,2742.36444360265,3.59733841084026,2016,0.001311765261263
5320105.14,631.408015484934,1.81794365533175,2016,0.002879190017782
5320105.15,3401.45435387044,13.2150260919325,2016,0.003885110519533
5320105.16,2270.57415359413,7.16586665103575,2016,0.003155971206531
5320105.17,633.692796666792,6.39382519085972,2016,0.010089786761805
5320200.00,2231.07,0,2016,0
5320201.01,2454.24443509498,37.6451842606463,2016,0.015338808034901
5320201.02,1301.22248749984,37.2902395132749,2016,0.028657850499436
5320202.04,2428.86233464791,20.6072005601453,2016,0.008484301586871
5320202.05,1843.24871484368,15.6386779963468,2016,0.008484301586871
5320202.08,1075.96926950673,5.47007708020131,2016,0.005083859953276
5320202.09,720.653888622484,3.63268094631612,2016,0.005040812245196
5320202.11,749.654934487353,20.0617624877874,2016,0.026761329199422
5320202.12,231.903196407214,0,2016,0
5320202.13,374.640608686787,0,2016,0
5320202.14,3535.98131520626,69.112283508231,2016,0.019545432327659
5320202.15,609.308902647283,16.2745762260788,2016,0.026709894037934
5320202.16,1234.48767065247,4.04,2016,0.003272612676532
5320202.17,692.765963991114,3.81051186441922,2016,0.005500431693362
5320202.18,1156.83981866232,5.02085155257133,2016,0.004340144133677
5320203.01,1769.37845758196,9.05,2016,0.005114790428933
5320203.02,1811.77115105928,67.3736712645929,2016,0.037186634319242
5320203.03,1296.35683434693,148.014894846181,2016,0.114177586698763
5320203.04,2732.54201459379,42.081433889226,2016,0.015400104980813
5320204.00,1026.49,125.72,2016,0.122475620804879
5320205.01,46.5580014616196,1.24595400398159,2016,0.026761329199422
5320205.02,1596.18,30.66,2016,0.019208359959403
5320206.00,1917.32784905552,0,2016,0
5350001.00,172.25,18.67,2016,0.108388969521045
5350002.00,259.4,117.41,2016,0.452621434078643
5350003.00,806.725747301196,213.397444324611,2016,0.264522912574077
5350004.00,3222.58464422351,1732.0838082467,2016,0.537482797031092
5350005.00,3418.22125162527,1837.23511919468,2016,0.537482797031095
5350006.00,139.610168457557,75.0380638365498,2016,0.537482797031093
5350007.01,2160.59937670934,1161.28499625737,2016,0.537482797031092
5350007.02,4484.02544732654,2410.08653938767,2016,0.537482797031094
5350008.01,1378.63787079611,441.604427370962,2016,0.320319379530719
5350008.02,7934.94309051696,2546.14652938091,2016,0.320877730354967
5350009.00,896.145000092201,345.815814806622,2016,0.385892701260446
5350010.01,2083.56047230881,804.030778898735,2016,0.385892701260445
5350010.02,4821.50452759899,1860.58340629464,2016,0.385892701260445
5350011.00,11890.35,5861.95,2016,0.493000626558512
5350012.01,6881.23,2574.15,2016,0.374082831121762
5350012.03,5430.02,2081.92,2016,0.383409269210795
5350012.04,2836.97,1283.14,2016,0.452292410564793
5350013.01,4418.59347518576,2130.76696235101,2016,0.482227426966775
5350013.02,4376.09652481424,1632.50303764899,2016,0.373050052345061
5350014.00,696.65,220.33,2016,0.316270724180004
5350015.00,2294.27,913.04,2016,0.397965365889804
5350016.00,6122.91738768509,2907.61744601936,2016,0.474874518455434
5350017.00,4954.96261231491,2325.29255398064,2016,0.469285590208376
5350018.00,1738.02,758.65,2016,0.436502456818679
5350019.00,1027.99,417.49,2016,0.40612262765202
5350020.00,854.34,84.95,2016,0.0994334808156
5350021.00,2946.24,917.66,2016,0.311468176387531
5350022.00,1169.07572435847,228.704025837574,2016,0.195628068458162
5350023.00,1446.24427564153,282.925974162426,2016,0.195628068458162
5350024.00,2843.72,332.91,2016,0.117068487755475
5350025.00,1519.90754588944,373.945872148171,2016,0.24603198606356
5350026.00,1971.15,762.5,2016,0.386830023082972
5350027.00,1217.25278313233,462.972776272214,2016,0.380342343585246
5350028.01,1451.23859865024,413.059991264214,2016,0.284625830410237
5350028.02,3600.48140134976,1024.79000873579,2016,0.284625830410237
5350029.00,2702.69,1023.3,2016,0.378622779527064
5350030.00,3652.66,1658.36,2016,0.454014334758779
5350031.00,1904.13,1097.97,2016,0.576625545524728
5350032.00,2085.79,1517.46,2016,0.727522904990435
5350033.00,2691.56,1865.57,2016,0.693118488906062
5350034.01,1243.05945007849,796.769639790896,2016,0.640974685273971
5350034.02,3994.15054992151,2653.8603602091,2016,0.664436737433758
5350035.00,5700.87,3106.57,2016,0.544929107311691
5350036.00,3743.67,2499.81,2016,0.667743150437939
5350037.00,1644.27,1003.49,2016,0.61029514617429
5350038.00,1465.11,690.78,2016,0.471486782562401
5350039.00,2417.72,1400.05,2016,0.579078636070347
5350040.00,1170.06,261.35,2016,0.22336461378049
5350041.00,1562.1,270.33,2016,0.173055502208565
5350042.00,2285.44,1182.65,2016,0.517471471576589
5350043.00,1892.72,805.63,2016,0.425646688363836
5350044.00,6399.62,3213.05,2016,0.502068872839325
5350045.00,1157.58,550.39,2016,0.475466058501356
5350046.00,644.74,265.17,2016,0.411282067189875
5350047.02,1037.5275017794,580.941393570954,2016,0.559928669432489
5350047.03,318.371784614142,178.265489743844,2016,0.559928669432491
5350047.04,1100.27071360646,616.073116685202,2016,0.55992866943249
5350048.00,863.226025340695,336.080910290765,2016,0.389331299595748
5350049.00,1274.05397465931,496.029089709235,2016,0.389331299595746
5350050.01,4724.4689560499,842.904426000951,2016,0.178412522940081
5350050.03,1864.34461098313,441.339920034595,2016,0.23672657803423
5350050.04,700.540668993215,165.836595344575,2016,0.236726578034231
5350051.00,2290.65,1181.21,2016,0.515665859035645
5350052.00,2412.32,941.55,2016,0.390308914240233
5350053.00,1856.06,757.9,2016,0.408338092518561
5350054.00,2805.13,1779.09,2016,0.634227290713799
5350055.00,2208.94,1324.27,2016,0.599504739829964
5350056.00,1711.91,1073.41,2016,0.627024785181464
5350057.00,1351.65265938624,740.3895645418,2016,0.547766143469134
5350058.00,2016.73734061376,1104.7004354582,2016,0.547766143469136
5350059.00,920.01,519.31,2016,0.564461255855915
5350060.00,1462.12,852.99,2016,0.583392607993872
5350061.00,515.02,327.45,2016,0.635800551434896
5350062.01,4198.17951582579,2742.88893096806,2016,0.653351987600399
5350062.02,4437.78048417421,2888.70106903194,2016,0.65093374477027
5350063.03,3162.97033259127,2154.56677340869,2016,0.681184629273319
5350063.04,2553.08966740873,1661.95322659131,2016,0.650957640778092
5350063.05,2638.56859278979,1746.57808256441,2016,0.661941511521492
5350063.06,3784.66140721021,2757.53191743559,2016,0.728607296859417
5350064.00,4298.47293929067,3023.3540402773,2016,0.703355373635599
5350065.01,1814.09851143828,1275.95593632446,2016,0.703355373635602
5350065.02,3415.42854927105,2402.26002339824,2016,0.703355373635602
5350066.00,5197.49,3075.81,2016,0.591787574386868
5350067.00,556.926794660273,107.917752468955,2016,0.193773676367619
5350068.00,726.99,281.61,2016,0.387364337886353
5350069.00,1352.25320533973,199.832247531045,2016,0.147777240787416
5350070.00,2408.79,997.01,2016,0.413904906612864
5350071.00,1247.03,442.75,2016,0.355043583554526
5350072.01,2239.47,1177.65,2016,0.525861029618615
5350072.02,1036.19,371.25,2016,0.358283712446559
5350073.00,812.287216867668,308.947223727786,2016,0.380342343585246
5350074.00,1418.96,398.02,2016,0.280501212155381
5350075.00,1962.89098347246,565.645661126702,2016,0.288169677220711
5350076.00,1776.03471372236,749.689506749202,2016,0.422114219365646
5350077.00,1786.53245411056,439.544127851829,2016,0.246031986063561
5350078.00,2804.47,985.52,2016,0.351410426925587
5350079.00,2617.16,479.31,2016,0.183141267633618
5350080.01,2164.88688051246,997.217025209314,2016,0.460632393399353
5350080.02,1594.67461633788,734.461652312568,2016,0.46057148260078
5350081.00,1376.14528627764,580.890493250798,2016,0.422114219365645
5350082.00,1155.02901652754,332.844338873298,2016,0.288169677220712
5350083.00,1873.69,818.3,2016,0.436731796615235
5350084.00,1101.06,257.91,2016,0.234237916189853
5350085.00,1971.93982207135,864.73497934896,2016,0.438519963778931
5350086.00,741.779995783898,13.6199999225871,2016,0.018361239181428
5350087.00,2670.2300042161,381.590000077413,2016,0.142905292605847
5350088.00,2067.48,730.14,2016,0.353154564977654
5350089.00,2185.17,772.02,2016,0.353299743269402
5350090.00,2260.44,1029.04,2016,0.45523880306489
5350091.01,3285.7580975766,1772.74446308068,2016,0.539523729512578
5350091.02,1951.6019024234,1052.93553691932,2016,0.539523729512581
5350092.00,3713.46,2110.64,2016,0.568375585033904
5350093.00,2293.73,1253.94,2016,0.546681605943158
5350094.00,1494.85,772.22,2016,0.516586948523263
5350095.00,914.38,627.13,2016,0.685852708939391
5350096.01,460.527084511512,119.057718707272,2016,0.25852490051385
5350096.02,833.622915488488,215.512281292728,2016,0.258524900513851
5350097.01,2941.63474490469,1496.62911396494,2016,0.508774624911303
5350097.03,1147.75554445734,583.948896621153,2016,0.508774624911304
5350097.04,2745.65971063797,1396.92198941391,2016,0.508774624911303
5350098.00,1620.92,557.53,2016,0.343958986254719
5350099.00,2473.51,1183.73,2016,0.478562851979576
5350100.00,1456.91,742.71,2016,0.50978440672382
5350101.00,1188.57,417.84,2016,0.351548499457331
5350102.02,1670.38442860963,716.446911997993,2016,0.42891139292668
5350102.03,1932.71622970266,828.964010213773,2016,0.428911392926682
5350102.04,1456.41152549393,624.671496074074,2016,0.428911392926681
5350102.05,1735.31781619378,744.297581714161,2016,0.428911392926681
5350103.00,2607.53,552.32,2016,0.211817313703006
5350104.00,2817.66927498812,536.944873691447,2016,0.190563483960945
5350105.00,1199.44754742958,312.180624454612,2016,0.260270342895457
5350106.00,1394.58,438.14,2016,0.314173442900371
5350107.00,1300.6,164.44,2016,0.126433953559895
5350108.00,2716.14,1651.18,2016,0.607914172318069
5350109.00,2651.15,754.42,2016,0.284563302717688
5350110.00,999.008838415875,233.555479810566,2016,0.233787200702763
5350111.00,1095.33329555674,253.651954256218,2016,0.231575133601039
5350112.00,1223.13670444326,283.248045743782,2016,0.231575133601039
5350113.00,685.771161584124,160.324520189434,2016,0.233787200702762
5350114.00,2070.79,1102.82,2016,0.532560037473621
5350115.00,1785.3,943.5,2016,0.528482607965048
5350116.00,2233.67,591.75,2016,0.264922750451051
5350117.00,749.19,227.08,2016,0.303100682069969
5350118.00,1793.08206442591,370.794167924822,2016,0.206791521303593
5350119.00,2810.84524538149,873.727656854297,2016,0.310841608334689
5350120.00,971.8781316461,302.781714294945,2016,0.311542882215195
5350121.00,1124.9118683539,350.458285705054,2016,0.311542882215195
5350122.00,4523.98032778256,1723.71934974086,2016,0.381018312381952
5350123.00,394.549672217436,150.33065025914,2016,0.381018312381952
5350124.00,3601.83495329771,1589.0686780827,2016,0.441183091031921
5350125.00,1240.29057415477,32.9808572397719,2016,0.026591234285762
5350126.00,1725.0365225487,301.372847392089,2016,0.174705198094483
5350127.00,2110.96392317251,369.77878864064,2016,0.175170586565454
5350128.02,5655.4338243554,2640.37030208961,2016,0.466873167310123
5350128.04,1502.70591485769,701.573070005268,2016,0.466873167310125
5350128.05,2107.07412839893,983.736372082828,2016,0.466873167310124
5350128.06,998.14173282098,466.005592226546,2016,0.466873167310123
5350129.00,2775.594399567,1123.94466359575,2016,0.404938366993062
5350130.00,1265.54,226.78,2016,0.179196232438327
5350131.00,2414.52,672.03,2016,0.278328611898017
5350132.00,2128.41,457.6,2016,0.214996170850541
5350133.00,3298.01,801.22,2016,0.242940439840995
5350134.00,1183.67,146.96,2016,0.124156225975145
5350135.00,3288.14606909724,1450.43107508942,2016,0.441109076242357
5350136.01,3507.42660155813,1789.22116630986,2016,0.510123623261288
5350136.02,3856.23732934463,1967.15775860072,2016,0.510123623261289
5350137.00,3006.42,911.23,2016,0.303094710652537
5350138.00,1420.57,286.23,2016,0.201489542929951
5350139.01,1332.4172292682,159.761967332957,2016,0.119903858809078
5350139.02,885.88892231359,106.221500261615,2016,0.119903858809078
5350140.00,972.833848418206,116.646532405428,2016,0.119903858809077
5350141.01,1355.85325313261,148.509642328967,2016,0.109532238821454
5350141.02,1728.62674686739,189.340357671033,2016,0.109532238821455
5350142.00,2140.62,500.42,2016,0.23377339275537
5350150.00,1447.30467297678,202.097019554818,2016,0.139636818237552
5350151.00,1465.13349404049,701.505111065604,2016,0.478799449960713
5350152.00,1192.5731775823,130.604501853941,2016,0.109514874482348
5350153.00,1298.74284175273,157.182030661185,2016,0.121026292201972
5350154.00,3192.51937194171,329.206501147084,2016,0.103118090383539
5350155.00,822.057786305562,216.621468191732,2016,0.263511241910691
5350156.01,1862.38653040787,888.303786560097,2016,0.476970688982354
5350156.02,1827.69346959213,871.756213439903,2016,0.476970688982352
5350157.00,1142.38,348.82,2016,0.305344981529789
5350158.00,1923.35,1112.37,2016,0.578350274261055
5350159.01,1592.9513406321,253.122639894327,2016,0.158901677306656
5350159.02,1887.6286593679,299.947360105673,2016,0.158901677306656
5350160.00,1184.16,497.62,2016,0.420230374273747
5350161.00,2342.96,911.39,2016,0.388990849182231
5350162.00,1884.32,922.78,2016,0.489715122696782
5350163.00,1524.67,560.71,2016,0.367758269002473
5350164.00,2001.74,509.67,2016,0.254613486266948
5350165.00,2681.43132678261,1356.17435588422,2016,0.505765089837846
5350166.00,1651.43,401.78,2016,0.243292177082892
5350167.01,625.673061071123,316.443591941757,2016,0.505765089837847
5350167.02,2914.27830233887,1473.9402273949,2016,0.505765089837845
5350168.00,3285.23,1746.39,2016,0.531588351500504
5350169.01,2239.01392204838,791.366403025396,2016,0.353444163626016
5350169.02,2540.66607795163,897.983596974604,2016,0.353444163626016
5350170.00,957.28,213.32,2016,0.222839712518803
5350171.00,1408.24,622.69,2016,0.442176049537011
5350172.00,1077.76,656.92,2016,0.609523456057007
5350173.00,983,329.42,2016,0.335116988809766
5350174.00,3051.64,929.7,2016,0.304655857178435
5350175.01,1972.85513567516,558.961332237315,2016,0.283326090258535
5350175.02,4761.83,1414.59,2016,0.297068563976454
5350176.00,1457.71054979723,179.687232287225,2016,0.123266743395813
5350180.00,1912.10878286159,718.073062550568,2016,0.375539858917403
5350181.01,1854.17261962282,696.315652108211,2016,0.375539820154316
5350181.02,2031.37325564411,762.861547090875,2016,0.375539820154315
5350182.00,1592.44829694363,462.201297628248,2016,0.290245716934952
5350183.01,1369.07699497099,282.969754181032,2016,0.206686515966933
5350183.02,1126.39300502901,232.810245818968,2016,0.206686515966931
5350184.01,1948.2156932101,641.378667195164,2016,0.329213376850669
5350184.02,2279.9843067899,750.601332804836,2016,0.32921337685067
5350185.01,1845.81403162192,686.249681361517,2016,0.37178701082823
5350185.02,4504.20614630673,1674.60533928952,2016,0.37178701082823
5350186.00,730.264026826312,95.0788286447984,2016,0.130197880700773
5350187.00,1023.33,102.22,2016,0.099889576187545
5350188.00,1190.02170305637,345.398702371752,2016,0.290245716934955
5350189.00,4614.20994363559,1980.3176660832,2016,0.429178058708548
5350190.01,1491.47293079627,640.622829904614,2016,0.429523604939043
5350190.02,2256.64097058928,969.280564740647,2016,0.429523604939042
5350191.00,1583.88,374.73,2016,0.236589893173725
5350192.00,369.07,106.92,2016,0.289701140705015
5350193.00,1103.01,37.91,2016,0.034369588671
5350194.01,732.63768430994,255.994756326454,2016,0.349415218202394
5350194.02,1174.15858057709,410.268876636556,2016,0.349415218202393
5350194.03,966.609708916167,337.748142357495,2016,0.349415218202394
5350194.04,4249.62402619681,1342.2482246795,2016,0.31585105327088
5350195.01,1729.96569198627,273.603159436671,2016,0.158155251693189
5350195.02,839.530426044538,112.430030730106,2016,0.133920138260887
5350196.01,612.255244275499,97.5819716316889,2016,0.159381193618294
5350196.02,2467.78943589774,330.486702454182,2016,0.133920138260887
5350200.01,2726.47671740061,696.125272935297,2016,0.255320453863613
5350200.02,731.141506942762,189.930285858895,2016,0.259772265772573
5350201.00,2060.25433663887,276.826368229727,2016,0.13436514284025
5350202.00,1015.90606763946,136.502363890653,2016,0.13436514284025
5350203.00,1668.25891005963,224.155846744683,2016,0.134365142840251
5350204.00,1233.3979924277,234.557325105175,2016,0.190171644955815
5350205.00,1101.0720075723,209.392674894825,2016,0.190171644955814
5350206.01,2358.06,351.62,2016,0.149114102270511
5350206.02,2456.89,368.81,2016,0.150112540650986
5350207.00,984.578445807868,374.923699359359,2016,0.380796168101899
5350208.00,2015.49223985417,767.491721775581,2016,0.380796168101899
5350209.00,1830.32877671746,189.670339298907,2016,0.103626376698871
5350210.01,2155.23184594554,208.327494709872,2016,0.096661291963452
5350210.02,3615.51272135842,307.560321676434,2016,0.085066861986003
5350211.00,2425.55603817025,308.36,2016,0.12712961281761
5350212.00,2057.77,330.68,2016,0.160698231580789
5350213.01,862.066327542566,135.933645226796,2016,0.157683510982609
5350213.02,2747.3438250955,282.752548671861,2016,0.102918515727471
5350214.00,3597.75509222145,575.314785047341,2016,0.159909379682682
5350215.00,4849.58317691256,478.796315298782,2016,0.098729374841572
5350216.00,2478.43769232712,267.52616509321,2016,0.10794145276334
5350217.00,2478.37692287478,712.932704342345,2016,0.287661129250422
5350218.00,1170.7053847981,70.4511305644448,2016,0.06017836039645
5350219.00,1615.13525472266,159.349970221813,2016,0.098660449492309
5350220.00,1431.44380919169,107.293806101344,2016,0.07495495485913
5350221.01,3462.38927830494,354.131263904944,2016,0.102279447930336
5350221.02,1568.09250636142,160.548187398643,2016,0.102384385326333
5350222.01,2164.52771623872,262.554666008755,2016,0.121298823775282
5350222.02,2022.19708158055,245.29012743753,2016,0.121298823775283
5350223.01,706.053498418414,21.1454338222259,2016,0.0299487699864
5350223.02,713.036501581586,21.3545661777741,2016,0.0299487699864
5350224.00,498.09,25.93,2016,0.05205886486378
5350225.01,4597.92974679542,1188.87183105774,2016,0.258566767334002
5350225.02,1656.64516098312,428.353383894923,2016,0.258566767334002
5350226.00,1288.85,45.42,2016,0.035240718469954
5350227.00,433.136121581403,16.6271628795296,2016,0.038387846339906
5350228.00,1518.63,173.36,2016,0.114155521753159
5350229.00,302.773878418597,11.6228371204704,2016,0.038387846339906
5350230.01,1762.94111575469,198.028779824478,2016,0.11232864107302
5350230.02,1249.44184740639,140.348104818924,2016,0.11232864107302
5350231.00,2513.31,245.31,2016,0.097604354417084
5350232.00,1286.83,10.42,2016,0.00809741768532
5350233.00,2076.14,81.73,2016,0.039366324043658
5350234.00,1662.43642201509,50.7532257879558,2016,0.030529423631393
5350235.01,1841.4525684943,104.421868059189,2016,0.056706249102344
5350235.02,1349.7880929208,76.3988277040221,2016,0.056600608721257
5350236.01,2337.79699376859,293.595958902574,2016,0.125586592713206
5350236.02,2335.65934031558,148.505874796386,2016,0.063581992559035
5350237.01,2674.81,433.45,2016,0.162048893192414
5350237.02,657.39,67.08,2016,0.102039884999772
5350237.03,2682.86,515.99,2016,0.192328336178556
5350238.01,1440.51092464706,170.720454474046,2016,0.118513821417824
5350238.02,1350.80907535294,160.089545525954,2016,0.118513821417824
5350239.00,2565.34570183304,228.995403771827,2016,0.089264929716179
5350240.01,1070.3,51.69,2016,0.048294870597029
5350240.02,1945.76635071476,314.747221158194,2016,0.161760028917436
5350241.00,2089.9202620308,338.065562021238,2016,0.161760028917436
5350242.00,981.270424093355,158.730332177166,2016,0.161760028917436
5350243.01,737.945153495103,120.149118121143,2016,0.162815783194842
5350243.02,2958.73795517454,481.729237440046,2016,0.162815783194841
5350244.01,1836.62732468302,380.385684924814,2016,0.207110979899237
5350244.02,1835.69697348394,380.608911303359,2016,0.207337549062364
5350245.00,2315.8091095736,432.526464444224,2016,0.186771207806443
5350246.00,1725.9808904264,322.363535555776,2016,0.186771207806441
5350247.01,2503.6775385038,348.290430089827,2016,0.139111536822735
5350247.02,2366.54115822626,380.062912207873,2016,0.160598479720815
5350248.02,2142.86,879.13,2016,0.410260119653174
5350248.03,553.001472643131,8.70076333846306,2016,0.01573370735683
5350248.04,1502.11486849272,230.793513464656,2016,0.153645715321521
5350248.05,1145.92513150728,176.066486535344,2016,0.153645715321521
5350249.01,1335.63238269151,219.551229606137,2016,0.164379983932185
5350249.03,1196.6157028266,135.930247038194,2016,0.11359557351379
5350249.04,1177.18013763703,193.504852110063,2016,0.164379983932186
5350249.05,1009.75747967146,165.9839182838,2016,0.164379983932187
5350250.01,1507.13641405152,155.469625924144,2016,0.103155643029158
5350250.02,1470.77,223.15,2016,0.15172324700667
5350250.04,1864.8316574198,349.973856734617,2016,0.18767048239563
5350250.05,2968.96192852868,557.18651734124,2016,0.187670482395631
5350260.01,2308.92245320834,617.045925544381,2016,0.267244109773791
5350260.04,690.684515473854,184.581368472352,2016,0.267244109773791
5350260.05,933.780207282224,249.547260219524,2016,0.267244109773791
5350260.06,2917.76690997328,779.756020383233,2016,0.267244109773791
5350260.07,978.765914062299,261.56942538051,2016,0.267244109773791
5350261.00,2493.32,661.37,2016,0.265256766078963
5350262.01,2862.91,1018.74,2016,0.355840735475443
5350262.02,2008.29,440.85,2016,0.219515109869591
5350263.02,1495.51312719662,189.493046882987,2016,0.126707712180499
5350263.03,4157.48536676212,687.663769381376,2016,0.165403773848261
5350263.04,1574.06463323788,260.356230618624,2016,0.165403773848261
5350264.00,418.319171209325,15.525088864365,2016,0.037113022622136
5350265.00,1659.82,32.74,2016,0.019725030424986
5350266.00,1036.47,17.23,2016,0.016623732476579
5350267.00,2208.53690339001,51.86,2016,0.02348160898756
5350268.00,2763.19,401.15,2016,0.145176408426493
5350269.01,874.381167419248,153.012681418872,2016,0.174995399169554
5350269.02,2177.71869438467,373.19872474457,2016,0.171371410690865
5350270.01,2498.05,181.72,2016,0.0727447408979
5350270.02,1172.87677875787,159.068560238358,2016,0.135622567621143
5350271.01,1416.90186894492,192.163869533507,2016,0.135622567621143
5350271.02,1118.01135229721,151.627570228134,2016,0.135622567621143
5350272.01,1120.63733275501,265.934302234589,2016,0.237306302816816
5350272.02,2936.29393575185,696.801057876708,2016,0.237306302816816
5350273.01,1622.53855203339,73.394531216302,2016,0.04523438356785
5350273.02,1024.75031765583,47.8887025089584,2016,0.046732068957545
5350274.01,1465.29,165.09,2016,0.11266711708945
5350274.02,2295.74,115.74,2016,0.050415116694399
5350275.00,2224.13,263.56,2016,0.118500267520334
5350276.01,2764.81,407.47,2016,0.147377215794214
5350276.02,2720.43,411.13,2016,0.151126843918057
5350277.00,1044.23,9.38,2016,0.008982695383201
5350278.00,2430.75680546621,535.989295595547,2016,0.220503052543237
5350279.01,1517.51319453379,145.980704404453,2016,0.096197321334858
5350279.02,2340.73,552.74,2016,0.236140007604465
5350280.00,3117.59,791.86,2016,0.253997478821782
5350281.01,2519.7704037025,850.881512271795,2016,0.337682159859298
5350281.02,1059.68446062234,358.377155490889,2016,0.338192328762109
5350282.00,963.399450202765,39.9727677127751,2016,0.041491374843905
5350283.01,1732.84499210367,599.023215176788,2016,0.345687708887092
5350283.02,2213.66500789633,765.236784823212,2016,0.345687708887093
5350284.00,2491.15,489.01,2016,0.196298898099271
5350285.00,768.3,122.8,2016,0.159833398412079
5350286.00,1487.34605154505,213.719572733297,2016,0.143691895044389
5350287.02,2250.79394845495,773.700427266703,2016,0.343745560448928
5350287.03,1607.00768361763,555.361689511734,2016,0.345587451244493
5350287.04,1956.69231638237,676.208310488267,2016,0.345587451244493
5350288.00,4039.94458712852,701.531091147365,2016,0.173648691465344
5350289.00,1541.71001571834,192.729885310132,2016,0.125010464578406
5350290.01,1501.75541057766,413.765178470709,2016,0.275521017308372
5350290.02,536.564589422338,147.834821529291,2016,0.275521017308371
5350291.02,2217.43,482.43,2016,0.217562673906279
5350291.03,785.968864376977,110.285149261948,2016,0.140317453095765
5350291.04,972.401135623023,136.444850738052,2016,0.140317453095765
5350292.00,3105.55444905982,482.925128040722,2016,0.155503674452375
5350293.00,1583.66316061154,229.749457496182,2016,0.145074699728106
5350294.01,1304.68421391641,352.997865524586,2016,0.270561919703891
5350294.02,1569.96825820926,424.767320300672,2016,0.270557903371353
5350295.00,1723.79752787432,210.474814174742,2016,0.122099498793392
5350296.00,1357.23426107751,165.795931288407,2016,0.122157195734789
5350297.01,1971.33773470018,394.935406627265,2016,0.200338785016628
5350297.02,2836.30013221813,568.220922431082,2016,0.200338785016628
5350298.00,1315.96,74.64,2016,0.056719049211222
5350299.01,6089.10009721568,1230.90080135415,2016,0.20214822908183
5350299.02,295.139747720232,59.6619773333033,2016,0.202148229081831
5350300.00,6956.07,1683.64,2016,0.242038967405446
5350301.01,977.74,204.71,2016,0.209370589318224
5350301.03,2281.21016150908,672.934146385559,2016,0.294989982834547
5350301.04,3103.22983849092,769.365853614441,2016,0.247924225293148
5350302.01,2456.82,262.84,2016,0.106983824618816
5350302.02,2245.16,303.68,2016,0.135259847850487
5350302.03,817.03,0,2016,0
5350303.00,1578.37,271.48,2016,0.172000228083403
5350304.01,625.675922948041,124.924472345543,2016,0.199663224624223
5350304.02,3580.51884805634,714.897939030737,2016,0.199663224624223
5350304.03,837.36,4.67,2016,0.005577051686252
5350304.04,639.765228995621,127.73758862372,2016,0.199663224624223
5350304.05,1336.54,95.91,2016,0.071759917398656
5350304.06,2337.65,325.93,2016,0.139426346972387
5350305.01,3041.53681477812,338.649327847134,2016,0.111341518603923
5350305.03,2326.54735100169,396.745265484327,2016,0.17052963281126
5350305.04,3196.01583422019,545.01540666854,2016,0.170529632811259
5350306.01,1185.72312356464,52.3866898864581,2016,0.044181216377874
5350306.02,1822.88687643536,71.1333101135419,2016,0.03902233925379
5350307.03,607.768375649554,107.02100480948,2016,0.176088472347876
5350307.04,1046.46128934146,192.480532542597,2016,0.183934689704313
5350307.05,696.097117550071,119.662895402898,2016,0.171905460295618
5350307.06,793.779764350661,136.455075764047,2016,0.171905460295617
5350307.07,9195.18345310826,1634.28049148098,2016,0.177732233382309
5350308.02,1342.29,109.83,2016,0.081822854971728
5350308.03,1637.38158134926,372.848318105429,2016,0.227710096627683
5350308.04,4314.51070679652,981.262574148764,2016,0.227433106749048
5350309.00,2560.3647181042,642.466016945303,2016,0.2509275387223
5350310.01,1186.51488624661,113.271523053072,2016,0.095465741193852
5350310.02,1742.93023531371,168.380105108336,2016,0.096607484164752
5350311.02,1793.79944800878,422.419102539565,2016,0.235488478385069
5350311.03,1569.959773138,369.707438102036,2016,0.235488478385069
5350311.04,1887.24077885322,444.423459358398,2016,0.235488478385069
5350311.05,327.079278511937,127.562842686491,2016,0.390005882570257
5350311.06,3372.56133611513,1259.19614614077,2016,0.373364935622266
5350312.02,1175.99624494815,271.945900829653,2016,0.231247252699895
5350312.03,2417.79576894897,736.168543808765,2016,0.304479209229811
5350312.04,1464.29423105103,312.421456191235,2016,0.213359753501854
5350312.05,803.135512127367,185.722880725177,2016,0.231247252699895
5350312.06,1134.31667245726,262.30761419743,2016,0.231247252699897
5350312.07,1527.47157046722,353.223604247739,2016,0.231247252699895
5350313.00,1468.72239032865,136.405414463095,2016,0.092873517392604
5350314.01,1083.35538045555,262.053240066779,2016,0.241890375766247
5350314.02,2606.70461954445,630.536759933222,2016,0.241890375766248
5350315.01,986.06,40.99,2016,0.041569478530718
5350315.02,348.788399428669,37.9722002201756,2016,0.108868873742291
5350315.03,2116.01160057133,230.367799779824,2016,0.108868873742291
5350316.01,2535.98670811126,627.701113237027,2016,0.247517509153083
5350316.03,443.883291888741,109.868886762973,2016,0.247517509153085
5350316.04,1413.57169167761,597.664714250143,2016,0.422804671152435
5350316.05,1447.9737298392,612.210056682026,2016,0.422804671152434
5350316.06,1482.57509993175,626.839332494663,2016,0.422804438387991
5350317.02,1114.65183995725,235.040301076888,2016,0.210864318930207
5350317.03,3189.84323987062,672.624122269446,2016,0.210864318930208
5350317.04,2030.26068105952,428.109535762395,2016,0.210864318930208
5350317.05,1341.93439944809,282.678395784556,2016,0.210649936316422
5350318.00,3844.55,1013.8,2016,0.263697962050175
5350319.00,1375.71,191.74,2016,0.13937530438828
5350320.01,1306.26,335.62,2016,0.256932004348292
5350320.02,2433.44,458.89,2016,0.188576665132487
5350321.01,1231.4077034419,138.447344751866,2016,0.112430143456869
5350321.02,1237.2922965581,162.202655248134,2016,0.131094855839117
5350322.01,1041.76169753483,298.954972230676,2016,0.286970593119431
5350322.02,2625.92830246517,605.995027769324,2016,0.230773638107494
5350323.01,1715.82804547471,120.716687536656,2016,0.070354770021991
5350323.02,1836.42223767469,130.903983983658,2016,0.071282072988514
5350324.01,967.409716850606,20.1993284796862,2016,0.020879807312092
5350324.02,1703.79,366.27,2016,0.214973676333351
5350324.03,1720.5,315.03,2016,0.1831037489102
5350324.05,1556.54579308024,414.217016532229,2016,0.266112965242441
5350324.06,1595.57420691976,424.602983467771,2016,0.266112965242439
5350330.00,1580.75,96.53,2016,0.061065949707417
5350331.01,2410.22,165.54,2016,0.068682526906258
5350331.03,1088.99149814446,400.983351953416,2016,0.368215319069666
5350331.04,2239.27850185554,824.536648046584,2016,0.368215319069667
5350332.00,2594.79,909.32,2016,0.35044069076881
5350333.00,1390.997774439,82.5788804172683,2016,0.059366651719176
5350334.00,1133.002225561,41.4211195827317,2016,0.036558727466067
5350335.00,3281.38,676.54,2016,0.206175450572625
5350336.00,1858.94,209.26,2016,0.112569528871292
5350337.01,446.159300484582,131.565622597487,2016,0.294884859409164
5350337.02,1506.67069951542,444.294377402513,2016,0.294884859409165
5350338.00,2454.93,544.68,2016,0.221871906734612
5350339.00,3036.55,646.87,2016,0.21302794289572
5350340.00,2099.25538012563,296.386981394541,2016,0.141186719920091
5350341.02,2418.03282624065,997.497856600723,2016,0.412524530591897
5350341.03,970.465781520276,400.496632353867,2016,0.412684960129632
5350341.04,2244.87141886125,925.639558336714,2016,0.412335223549802
5350342.00,2197.78459325219,410.768971314155,2016,0.186901379041117
5350343.00,1343.71,181.6,2016,0.135148209062967
5350344.01,3060.10916876668,817.874052331635,2016,0.26726956694204
5350344.02,570.120831233321,152.375947668365,2016,0.267269566942039
5350345.00,1388.74536758267,473.558670413875,2016,0.340997479788666
5350346.01,2700.24405453906,920.776417412149,2016,0.340997479788666
5350346.02,644.740577878263,219.854912173976,2016,0.340997479788666
5350347.00,1319.51,225.72,2016,0.171063500845011
5350348.00,1934.23,383.51,2016,0.198275282670623
5350349.00,2362.03,862.74,2016,0.365253616592507
5350350.00,1952.63,462.44,2016,0.236829302018304
5350351.01,2439.46719001612,910.099263610404,2016,0.37307296746401
5350351.02,1323.44280998388,493.740736389596,2016,0.373072967464011
5350352.00,1430.36,345.96,2016,0.241869179786907
5350353.02,2428.05132987001,447.404825559277,2016,0.184264978279199
5350353.03,803.587867940017,148.073101031395,2016,0.184264978279199
5350353.04,1287.07080218998,237.162073409328,2016,0.184264978279199
5350354.00,1265.57,221.38,2016,0.17492513254897
5350355.02,1906.92,404.44,2016,0.2120907012355
5350355.04,1964.65712016254,737.415746502503,2016,0.375340683590374
5350355.05,1038.44663585506,389.771270173962,2016,0.375340683590374
5350355.06,640.306243982393,240.332983323535,2016,0.375340683590372
5350356.00,1490.48,220.03,2016,0.147623584348666
5350357.01,1997.20305529695,654.338792033519,2016,0.327627574120765
5350357.02,2099.82694470305,687.961207966481,2016,0.327627574120766
5350358.01,2044.68461866515,556.228998329036,2016,0.272036573881093
5350358.02,1135.49526697601,308.896242086349,2016,0.272036573881091
5350358.03,2001.66011435884,544.524759584615,2016,0.272036573881093
5350359.00,2806.13169302765,782.047012472209,2016,0.278692199092205
5350360.00,2181.90389726773,114.276723187978,2016,0.052374773852817
5350361.01,1830.51407255406,38.193239460695,2016,0.020864761453271
5350361.02,2364.51203017821,49.8000373513275,2016,0.021061443847919
5350362.01,1938.88310169562,215.547301310841,2016,0.11117085971936
5350362.02,1448.46,50.88,2016,0.035126962429063
5350362.03,1825.68830697235,114.622987527791,2016,0.062783437397305
5350362.04,1822.69,239.46,2016,0.131377250108356
5350363.02,1823.5812605444,466.44192321131,2016,0.255783459340913
5350363.04,1710.15636306272,437.390893740735,2016,0.25576076152324
5350363.05,798.171015634683,204.158943524689,2016,0.255783459340913
5350363.06,1831.73373074831,269.17884946328,2016,0.146953045054924
5350363.07,3419.12626925169,868.17115053672,2016,0.253916083282507
5350364.01,1909.44333946261,324.950490882503,2016,0.170180745438593
5350364.02,1001.32666053739,121.609509117497,2016,0.121448388333366
5350365.00,1965.14,335.07,2016,0.170506935892608
5350366.00,1804.8,437.33,2016,0.242314937943262
5350367.01,1174.1312610459,342.792354519289,2016,0.291954030943639
5350367.02,1715.6387389541,500.887645480711,2016,0.291954030943639
5350368.01,4121.82,1168.91,2016,0.283590743894687
5350368.02,1033.66,203.52,2016,0.196892595244084
5350369.00,2266.52,239.49,2016,0.105664190035826
5350370.01,3777.09,722.67,2016,0.191329833284354
5350370.02,1773.24,486.5,2016,0.27435654508132
5350370.03,1334.86,100.78,2016,0.075498554155492
5350371.00,2486.21,410.96,2016,0.165295771475459
5350372.00,1969.71552066643,358.29974697313,2016,0.181904312177986
5350373.00,1355.05447933357,246.49025302687,2016,0.181904312177985
5350374.01,1637.46088967785,129.497144700443,2016,0.0790841146294
5350374.02,1075.97911032215,85.0928552995568,2016,0.0790841146294
5350374.03,1616.73,543.63,2016,0.336252806591082
5350375.01,2021.8469330504,428.450637549709,2016,0.211910521289214
5350375.02,2041.13122045331,475.210214297953,2016,0.23281708179076
5350375.03,1426.09,283.02,2016,0.198458722801506
5350375.04,2271.74,176.38,2016,0.077640927218784
5350375.05,2049.41184649629,405.259148152338,2016,0.197744122951751
5350376.01,887.20205719637,46.7040766629793,2016,0.05264198418404
5350376.02,1852.17092494856,163.391714397715,2016,0.088216326148329
5350376.04,2131.3825002235,226.441691838045,2016,0.106241696088947
5350376.05,2253.56185324494,158.376011358471,2016,0.070278084948244
5350376.06,396.76,284.67,2016,0.717486641798568
5350376.08,1884.77907505144,166.268285602285,2016,0.08821632614833
5350376.09,1383.5274997765,146.988308161955,2016,0.106241696088947
5350376.11,918.271584413226,71.7555387670475,2016,0.07814195711272
5350376.12,1873.69841558677,146.414461232953,2016,0.07814195711272
5350376.13,773.910277337076,54.3889322130143,2016,0.070278084948244
5350376.14,1385.56786941798,97.3750564285147,2016,0.070278084948244
5350376.15,2685.94197107534,714.799521008246,2016,0.266126196584236
5350376.16,748.465971728293,199.186402328775,2016,0.266126196584236
5350377.01,3991.1,419.74,2016,0.105169001027286
5350377.02,989.91,26.6,2016,0.02687112969866
5350377.03,781.97,36.36,2016,0.046497947491592
5350377.04,1461.84914909838,122.594034390205,2016,0.083862301705902
5350377.06,947.613902838036,49.7743960789962,2016,0.052526029778505
5350377.07,1506.37214042366,79.1237479054038,2016,0.052526029778505
5350378.02,875.53,130.33,2016,0.148858405765651
5350378.03,2489.5513607582,209.008239523265,2016,0.083954178579233
5350378.04,1964.69754560616,175.802742538698,2016,0.089480817508966
5350378.05,1684.83033770062,302.513402585455,2016,0.179551255587142
5350378.06,1760.7657127929,212.202420291988,2016,0.120517124311443
5350378.07,2279.56,399.22,2016,0.175130288301251
5350378.08,1505.38892486702,210.579338951154,2016,0.139883677548482
5350378.11,1366.36536823134,122.26349016528,2016,0.089480817508966
5350378.12,1755.47239796271,315.197273202775,2016,0.179551255587142
5350378.14,1546.61101155718,129.71330763822,2016,0.083869380645118
5350378.16,1398.66651482744,251.13232888496,2016,0.179551255587143
5350378.17,1068.57925402127,191.86474675389,2016,0.179551255587141
5350378.18,143.134353637346,10.104231822019,2016,0.070592639469486
5350378.19,2124.07672149563,152.056429226827,2016,0.071587070131704
5350378.20,183.93630327323,9.66144374307785,2016,0.052526029778505
5350378.21,1390.67410259142,73.046589324913,2016,0.052526029778505
5350378.22,987.443390218091,51.8664809191836,2016,0.052526029778505
5350378.23,1850.99576299774,242.739986503067,2016,0.131140217257949
5350378.24,1974.31423700226,415.500013496933,2016,0.210452827472802
5350378.25,2029.63666715656,15.8594086433955,2016,0.007813915120884
5350378.26,520.311635881331,2.93994062659505,2016,0.005650345723319
5350378.27,2401.68707137711,40.7882589497601,2016,0.016983169637655
5350378.28,1503.62910457718,78.93619386303,2016,0.052497117555614
5350400.02,1865.74,48.77,2016,0.026139762239112
5350400.03,938.758901732697,33.4453381090396,2016,0.035627186114889
5350400.04,504.27,24.34,2016,0.048267793047375
5350400.06,797.422014763456,80.0047880452636,2016,0.100329294356133
5350400.07,1382.99798523654,138.755211954736,2016,0.100329294356133
5350400.08,1391.17997476081,287.749592647069,2016,0.20683850965907
5350400.11,1543.95285330343,203.914496392022,2016,0.132073007252604
5350400.12,2200.99112350649,78.4150692438914,2016,0.035627162875135
5350400.13,2058.55952797199,48.8053309596846,2016,0.023708486588078
5350400.14,1655.30047202801,39.2446690403154,2016,0.023708486588078
5350400.15,1313.16,3.37,2016,0.002566328550976
5350400.16,1175.3471951375,4.4868305669715,2016,0.003817451205511
5350400.17,953.065997036762,125.874292338846,2016,0.132073007252603
5350400.18,412.28114965981,54.4512112691319,2016,0.132073007252604
5350400.19,3073.37681361065,20.3652781637744,2016,0.006626352510237
5350400.20,1863.79152545306,76.5789984144716,2016,0.0410877490152
5350400.21,373.732717521444,10.55,2016,0.028228730066681
5350400.22,2376.78728247856,0,2016,0
5350400.23,2353.1528048625,3.4931694330285,2016,0.001484463493323
5350401.04,771.791730480726,15.6664243176852,2016,0.020298771934142
5350401.05,1363.56,168,2016,0.123206899586377
5350401.06,1469.38,55.56,2016,0.037811866229294
5350401.07,1174.61,25.53,2016,0.021734873702761
5350401.08,1071.71,0,2016,0
5350401.09,3032.15,139.6,2016,0.046039938657388
5350401.10,1386.6,0,2016,0
5350401.11,1195.06585652219,14.4966175719862,2016,0.012130392223047
5350401.13,1327.75785519609,71.6280607654388,2016,0.053946629263105
5350401.14,2128.77339387826,0,2016,0
5350401.15,1110.59660612174,86.6,2016,0.077976107186579
5350401.17,1502.63214480391,81.0619392345612,2016,0.053946629263105
5350401.18,2791.03,285.64,2016,0.102342146089437
5350401.19,3067.41826951927,204.123575682315,2016,0.066545725997226
5350401.20,686.976279385546,8.33329171687641,2016,0.012130392223047
5350401.21,488.037864092265,5.92009071113744,2016,0.012130392223047
5350401.22,2856.94,105.06,2016,0.036773610926376
5350401.23,811.32,0,2016,0
5350402.01,788.753704159162,60.6762879283938,2016,0.076926786661594
5350402.02,2540.12600841879,369.644083710638,2016,0.145521947527611
5350402.03,1622.22179346098,195.391761490542,2016,0.120447008096024
5350402.04,1944.02629584084,99.2437120716062,2016,0.05105060167341
5350402.05,470.16,0,2016,0
5350402.06,2149.83219812022,250.20415479882,2016,0.11638310888524
5350402.07,455.342959055822,0.007754186396898,2016,1.70293319413058E-05
5350402.08,2725.95243067081,141.286749969442,2016,0.051830233125042
5350402.09,1144.8117096874,76.946521892751,2016,0.067213255456447
5350402.10,1228.90691199175,129.201946553093,2016,0.105135665925818
5350402.12,2935.95756932919,171.053250030558,2016,0.058261485730409
5350402.13,1508.13308800825,62.5780534469072,2016,0.041493720908645
5350403.01,2076.86,127.75,2016,0.06151112737498
5350403.04,1105.4,0,2016,0
5350403.05,1246.82,0,2016,0
5350403.07,3628.8,43.14,2016,0.011888227513228
5350403.09,1214.61832312049,0,2016,0
5350403.10,1715.51167687951,0,2016,0
5350403.11,2914.38,46.32,2016,0.015893603442242
5350403.12,2606.52394222458,21.3787142498984,2016,0.008202001870603
5350403.13,2201.94656079189,103.381285750102,2016,0.046949952188178
5350403.14,2847.57,78.32,2016,0.027504152663499
5350403.15,3549.415689995,42.0901489800185,2016,0.011858331808996
5350403.16,2602.79939328453,32.0397555785082,2016,0.012309729155913
5350410.02,2429.92535248662,250.820913615866,2016,0.103221653850063
5350410.03,3000.18116689545,101.331337498668,2016,0.033775072857858
5350410.04,875.035051965576,0,2016,0
5350410.05,1901.76208954007,54.2758863675682,2016,0.028539787740061
5350410.07,982.407046046546,0,2016,0
5350410.09,2530.80187861055,342.683484118398,2016,0.135405101053006
5350410.10,776.425387344396,26.2238240262478,2016,0.033775072857858
5350410.11,1195.45156714961,40.3813543566856,2016,0.033779163845985
5350410.12,3449.5,326.66,2016,0.094697782287288
5350410.13,2103.83154905579,26.0779473216905,2016,0.012395454062562
5350410.14,1599.86,18.98,2016,0.01186353805958
5350410.15,618.802684155748,17.003674425881,2016,0.027478346266516
5350411.01,1329.79059172656,70.0324589489429,2016,0.052664276153447
5350411.04,1627.12804168302,90.3135669887095,2016,0.055504892470106
5350411.07,1381.34533076264,51.5594524628786,2016,0.037325534256096
5350411.08,1301.26647810105,63.5404603725275,2016,0.048829706629539
5350411.09,1760.53992798196,0,2016,0
5350411.12,1514.80392469068,17.280045259704,2016,0.011407446850412
5350411.15,1331.34990789538,10.6725593226815,2016,0.008016344358
5350411.16,2068.62238035832,102.498444703028,2016,0.049549132638347
5350411.17,2042.06,23.16,2016,0.01134148849691
5350411.18,2825.25195831698,6.36643301129052,2016,0.002253403627435
5350411.19,2705.47,195.58,2016,0.072290581673425
5350411.21,599.94,0,2016,0
5350411.22,1929.50012231086,203.984903549007,2016,0.105719041522892
5350411.23,1609.0445469265,170.105643988114,2016,0.105718417997214
5350411.24,1374.16688702724,50.5162284835835,2016,0.036761348974771
5350411.25,1126.8717816046,41.4253268133888,2016,0.036761348974771
5350411.26,1326.50017822269,15.297257882565,2016,0.011532043593889
5350411.27,1583.42598919124,18.2601375350495,2016,0.011532043593889
5350411.28,1146.03239866136,7.03082359655259,2016,0.006134925683397
5350411.29,1571.36927388465,25.7031048405301,2016,0.016357138495516
5350411.30,2188.34964593415,13.3806168780097,2016,0.00611447850798
5350412.01,3069.91338449536,97.3069182969963,2016,0.031696958874621
5350412.02,3533.08898624255,215.701519808251,2016,0.06105182197453
5350412.04,1181.3540737744,7.53659207454163,2016,0.006379621691626
5350412.06,1011.5659262256,6.45340792545837,2016,0.006379621691626
5350412.08,932.694790938042,79.236469219513,2016,0.084954338749788
5350412.10,1660.09,78.47,2016,0.047268521586179
5350412.11,1439.86710387734,25.9593590101786,2016,0.01802899652355
5350412.12,1330.02834389584,10.0224103128909,2016,0.007535486261544
5350412.13,1476.69165610416,11.1275896871091,2016,0.007535486261544
5350412.14,796.245577705573,9.22,2016,0.011579342175523
5350412.15,1627.34542754884,20.1550926752392,2016,0.012385257815606
5350412.18,2137.0176538854,0,2016,0
5350412.19,2710.19999328927,0.917343537903296,2016,0.000338478171417
5350412.20,1558.00642278105,0,2016,0
5350412.21,0,0,2016,#DIV/0!
5350412.22,2641.03348997197,4.67564115410546,2016,0.0017703831367
5350412.24,2291.99,0,2016,0
5350412.25,1803.3341424438,2.07210965349109,2016,0.001149043654596
5350412.26,1114.64236758423,2.17224919240346,2016,0.00194883063445
5350413.01,3140.98354576529,105.66089192111,2016,0.033639428663536
5350413.02,3188.72,10.82,2016,0.003393211069018
5350420.03,2448.67,187.94,2016,0.076751869382154
5350420.05,2537.01072614644,92.5110703868781,2016,0.036464595688721
5350420.06,1939.55927385356,65.5589296131219,2016,0.033800941531871
5350420.08,2423.38378176815,339.568530323913,2016,0.14012164844817
5350420.09,1515.83621823185,212.401469676087,2016,0.14012164844817
5350420.10,818.260933318672,0,2016,0
5350420.11,1682.60906668133,0,2016,0
5350420.13,1997.6967171593,48.9962947763941,2016,0.024526392998266
5350420.14,2120.93895338411,97.9316158878738,2016,0.046173707985144
5350420.15,1700.07966071337,42.9378132565843,2016,0.025256353716135
5350421.01,2227.43791045993,77.1741136324319,2016,0.034647032480693
5350421.04,1067.21207065331,56.35991595337,2016,0.052810418381858
5350421.05,1604.98792934669,84.76008404663,2016,0.052810418381858
5350421.06,1138.44729915231,40.7631668851912,2016,0.035805932268928
5350421.07,1706.33270084769,61.0968331148088,2016,0.035805932268928
5350422.02,1931.25964486253,356.351447763662,2016,0.184517627503695
5350422.03,2135.25568162192,0,2016,0
5350422.04,1122.00210845225,8.84883688120559,2016,0.007886649066473
5350422.05,2206.22220992584,17.4011631187944,2016,0.007887312094179
5350422.06,2091.35035513747,422.588552236339,2016,0.202064924797625
5350423.01,1483.42378349668,84.2815917838859,2016,0.056815586160564
5350423.02,2526.73621650332,227.858408216114,2016,0.090178945759301
5350424.04,917.21,0,2016,0
5350424.05,2839.45,372.2,2016,0.131081723573227
5350424.07,2585.1,0,2016,0
5350424.08,2015.51,0,2016,0
5350424.09,1380.63581179628,77.5308267654883,2016,0.056155885645626
5350424.10,1850.42387188735,3.02140407699818,2016,0.001632817281976
5350424.11,2388.35,151.18,2016,0.063298930223795
5350424.13,718.303553080725,9.91687868971676,2016,0.013805971928142
5350424.14,3976.01031631636,0.007769157513468,2016,1.95400838915978E-06
5350424.15,2751.58644691928,33.5631213102832,2016,0.012197734636999
5350424.16,2307.28,0,2016,0
5350430.03,2340.9718772486,128.022548801225,2016,0.054687777348138
5350430.05,1379.23257039192,17.7255806499816,2016,0.012851770637163
5350430.06,1491.61615416083,25.0046734216696,2016,0.016763477220275
5350430.07,2600.71827294097,107.44529805509,2016,0.041313701362043
5350430.08,1582.26435275009,84.9209730681268,2016,0.053670534206581
5350431.01,2467.04632115967,0.213755471115414,2016,8.66442876576939E-05
5350431.02,2368.44319823126,1.34985101998153,2016,0.000569931768256
5350440.00,2708.72,67,2016,0.024734930151511
5350441.02,2255.1735291218,151.689972448341,2016,0.067263104364041
5350441.03,2416.46649784322,26.867581772456,2016,0.011118540975609
5350441.04,1331.89997303499,0.002445779203013,2016,1.83630847100314E-06
5350442.02,1318.07926974327,48.6824049956145,2016,0.036934352973396
5350442.03,1813.06187501256,81.6436410599745,2016,0.045030807930595
5350442.04,1333.74523002208,56.2992850763938,2016,0.042211423748044
5350442.05,2482.10269255856,122.05,2016,0.049172018694436
5350442.06,3302.42911598028,0.19045077976771,2016,5.76699069318789E-05
5350450.02,1112.03,136.89,2016,0.123099196964111
5350450.03,3118.57,155.58,2016,0.04988825006333
5350450.05,1684.25978858154,63.095778093707,2016,0.037462022498825
5350450.06,2546.09840287962,67.2537711265253,2016,0.026414442996572
5350451.01,1356.87851649276,201.742629740888,2016,0.148681423789028
5350451.02,2158.08,151.89,2016,0.070382006227758
5350451.03,2109.71625348515,169.918085182718,2016,0.080540729068197
5350451.05,1504.76995167046,121.319699134451,2016,0.080623419546472
5350451.06,2098.26004832954,62.3803008655488,2016,0.02972953753526
5350451.07,1367.02885524417,9.21395394441103,2016,0.006740131277452
5350452.01,1073.21468662523,25.1570489987036,2016,0.023440835568335
5350452.02,1545.56110926219,34.0015770752944,2016,0.021999503527574
5350452.03,2111.64599304864,294.372951001296,2016,0.139404498656663
5350452.05,2050.55689155833,12.8828203450287,2016,0.006282595912391
5350452.06,781.613118401974,4.81262733281504,2016,0.006157301124442
5350452.07,1852.38951819125,8.5984229247056,2016,0.004641800679752
5350455.00,2843.27204812147,14.04,2016,0.004937972787119
5350456.01,1359.78664475123,0,2016,0
5350456.02,2706.80033859971,29.5480063634764,2016,0.010916212009476
5350456.03,1256.14645919661,20.820963365574,2016,0.016575267329011
5350460.01,1782.82895100984,26.91,2016,0.015093988677241
5350460.02,1627.91232576911,15.8905327019733,2016,0.00976129515726
5350461.01,1799.58383798095,44.59,2016,0.024777950912267
5350461.02,2755.31833080699,0,2016,0
5350470.00,768.73,0,2016,0
5350471.00,1668.55224351722,24.0545437393125,2016,0.014416416287096
5350472.00,2393.13246300652,26.8249419801255,2016,0.011209133800486
5350473.01,2464.63541962307,243.309642437593,2016,0.098720338310647
5350473.02,1891.85163708223,87.6703575624066,2016,0.046341032163399
5350473.03,2035.50048028818,167.195058019874,2016,0.082139532581296
5350474.00,2811.68959187869,56.3013246752884,2016,0.020024018596473
5350475.00,1898.49518658699,123.579194302601,2016,0.065093235513947
5350476.01,139.35936969231,1.12262290157815,2016,0.008055596864831
5350476.02,867.06360832479,4.31231438121958,2016,0.004973469466157
5350500.01,1517.103,243.738,2016,0.160660152936221
5350500.02,3059.6315,345.089,2016,0.112787765454761
5350501.01,1244.38573766136,67.27989855328,2016,0.054066754798816
5350501.02,3923.71780333758,285.410935451759,2016,0.072739924162993
5350502.01,1458.79747200834,248.125934719536,2016,0.170089364343317
5350502.02,1363.89694832199,326.542473111341,2016,0.239418728455319
5350503.00,1947.34557966967,253.421592169123,2016,0.130136938617804
5350504.00,1019.87821399115,86.8122270381108,2016,0.085120189692437
5350505.01,1343.52207769445,2.96777296188917,2016,0.002208949902023
5350505.02,2077.6197083144,0,2016,0
5350506.00,1016.76,34.91,2016,0.034334552893505
5350507.00,1363.05336137328,19.3044759404547,2016,0.014162670726996
5350508.00,837.096638626719,11.8555240595453,2016,0.014162670726996
5350509.01,1334.64006288557,63.0517451041334,2016,0.047242508941184
5350509.02,1992.65993711443,94.1382548958666,2016,0.047242508941184
5350510.00,1861.06,46.57,2016,0.025023373776235
5350511.01,1077.46392093967,127.482292757904,2016,0.118316994453722
5350511.02,3536.76105633827,418.458938286915,2016,0.118316994453722
5350512.00,1919.70502272206,359.928768955181,2016,0.187491705597987
5350513.01,2360.83659995475,160.500856795454,2016,0.067984737613154
5350513.02,3036.32440273093,683.229859947886,2016,0.225018729663199
5350513.03,748.24035197235,122.526855158083,2016,0.163753337861429
5350513.04,967.231259384958,50.7425092028764,2016,0.052461610096372
5350514.01,1602.38207736035,75.9770174225657,2016,0.047415044449152
5350514.02,946.385308596665,44.8729014731355,2016,0.047415044449152
5350515.01,1996.81786820934,195.760264489402,2016,0.098036114162456
5350515.02,1032.71213179066,101.979735510598,2016,0.098749431106006
5350516.01,1837.06620667716,41.171754208373,2016,0.02241168775449
5350516.02,1866.06266152176,81.7857250859935,2016,0.043827962893431
5350516.03,2657.76790805483,147.288992144309,2016,0.055418304848186
5350516.04,2286.16308486461,126.695282769697,2016,0.055418304848186
5350516.05,2209.61066108696,228.502835691256,2016,0.103413166724517
5350516.06,1679.73933891304,173.707164308744,2016,0.103413166724517
5350516.08,2318.53,225.01,2016,0.097048560941631
5350516.09,2401.47,16.48,2016,0.006862463407829
5350516.11,1372.11959507552,0.70154939449093,2016,0.00051128880967
5350516.16,2408.73,120.33,2016,0.049955785829047
5350516.17,1318.52640714051,120.429422707524,2016,0.091336375255995
5350516.18,1458.50047798014,133.529988120954,2016,0.091552927226927
5350516.20,1265.40555894629,88.688245791627,2016,0.070086815380737
5350516.21,1353.24270325539,0,2016,0
5350516.22,1692.04661083638,0,2016,0
5350516.23,1359.20568260909,0,2016,0
5350516.24,1645.48670021152,1.38772462699501,2016,0.000843352077423
5350516.25,1411.69300004905,194.748293523564,2016,0.137953714806829
5350516.26,1691.53699995095,201.931706476436,2016,0.119377646768762
5350516.28,1537.37783201909,42.4992990086961,2016,0.027644017055248
5350516.29,1218.37216798091,33.6807009913039,2016,0.027644017055248
5350516.30,1577.88360986166,22.5871078049526,2016,0.014314812362449
5350516.31,1000.84463296038,4.30650212090027,2016,0.004302867776952
5350516.32,1639.53429991703,0,2016,0
5350516.37,2280.70311487935,325.770589171521,2016,0.142837788507495
5350516.38,1157.67046331942,5.732275373005,2016,0.004951560530074
5350516.39,1557.44488368116,0,2016,0
5350516.40,1584.45080538335,0,2016,0
5350516.41,1192.91107302499,21.6589021051776,2016,0.01815634257653
5350516.42,2535.78699317285,45.8517760906184,2016,0.018081872102849
5350516.43,1553.96962770761,67.8381642203105,2016,0.043654755543958
5350516.44,1581.20037229239,69.0118357796895,2016,0.043645218524479
5350516.46,2346.98051649467,36.4625687363976,2016,0.01553594862852
5350516.47,1180.06748058127,18.3165550223479,2016,0.015521616622573
5350516.48,1621.41357748934,25.1901980454585,2016,0.01553594862852
5350516.49,2737.0005500058,14.9,2016,0.005443915603148
5350517.00,1669.16794711635,265.051970344651,2016,0.158792870904665
5350518.00,1242.24116140315,229.337779585792,2016,0.184616149191794
5350519.00,1074.54967716002,79.3998022220812,2016,0.073891234542018
5350520.01,2891.55770028284,384.556145341603,2016,0.132992727519837
5350520.02,1293.49666022496,109.367718336763,2016,0.084551991280551
5350520.05,3542.33550330973,428.34640598588,2016,0.120922031689449
5350520.07,1871.59593174298,509.667226694737,2016,0.27231691309571
5350520.08,2090.19092206971,374.749357474373,2016,0.179289534519314
5350520.09,1727.74844207931,208.922851864511,2016,0.120922031689449
5350520.10,3078.43605461095,372.250742149608,2016,0.120922031689449
5350521.01,1230.10615557211,257.415554546265,2016,0.209262878150987
5350521.02,816.53,40.13,2016,0.049147000110223
5350521.03,1220.31454592967,109.281090601037,2016,0.089551575833904
5350521.04,2605.92513352673,233.364702212495,2016,0.089551575833904
5350521.05,1489.44,282.26,2016,0.189507465893222
5350521.06,4159.2241649715,870.258652640203,2016,0.209235813729257
5350522.00,3137.40418331425,340.457192812685,2016,0.108515566666019
5350523.00,1831.59505388009,176.282426137013,2016,0.096245305840706
5350524.01,1752.17090656561,205.888169385382,2016,0.117504615910407
5350524.02,1235.62985624005,145.192211664919,2016,0.117504615910407
5350525.01,704.397460611442,111.865426882336,2016,0.158810093927983
5350525.02,2373.49253938856,376.934573117664,2016,0.158810093927983
5350526.01,1662.65439003792,154.616070339943,2016,0.092993511619945
5350526.02,1871.35560996208,174.023929660057,2016,0.092993511619945
5350527.01,5305.05843837509,729.375623863462,2016,0.137486821744958
5350527.02,1769.40349095727,207.198176911678,2016,0.117100581054907
5350527.03,3576.49036039896,293.914500098319,2016,0.0821795868242
5350527.04,2147.44,37.61,2016,0.017513876988414
5350527.05,2035.53,124.02,2016,0.0609276208162
5350527.06,1464.87,214.33,2016,0.146313324731887
5350527.07,1515.46258062481,142.635562909651,2016,0.094120148351564
5350527.08,1092.96967580421,42.4589524965176,2016,0.038847328920884
5350527.09,1650.59794480599,61.475763409557,2016,0.037244541351215
5350528.01,1547.87513446736,147.14345828849,2016,0.095061581526809
5350528.02,1825.1249522508,174.458902062654,2016,0.095587374358948
5350528.10,3914.69895301681,170.48587903634,2016,0.043550188937251
5350528.11,439.340673243837,19.1333693275881,2016,0.043550188937251
5350528.12,1233.19307195559,12.0757341510639,2016,0.009792249426048
5350528.13,1231.76641168812,12.0617639378785,2016,0.009792249426048
5350528.15,1135.48190900351,99.2603536863306,2016,0.087416939802626
5350528.16,1097.83809099649,95.9696463136694,2016,0.087416939802626
5350528.18,2233.01692016429,60.3269496506877,2016,0.027015894553208
5350528.19,1481.46307983571,40.0230503493123,2016,0.027015894553208
5350528.20,903.79976892892,58.3499850818792,2016,0.064560743527329
5350528.21,1991.43616231487,250.405976497145,2016,0.125741402730214
5350528.22,2004.35076872865,252.029877223321,2016,0.125741402730213
5350528.24,2098.59649452294,174.762152525526,2016,0.083275728793807
5350528.25,1883.62709468174,87.7850961119409,2016,0.046604286145487
5350528.26,1187.23350547706,119.887847474473,2016,0.100980849109627
5350528.31,1261.33446570404,131.699550147706,2016,0.104412868853302
5350528.32,805.973696323199,4.72063044660846,2016,0.005857052740237
5350528.33,1825.09192421049,10.5993695533915,2016,0.005807581203329
5350528.34,1793.81426264352,83.5994331880952,2016,0.046604286145488
5350528.35,1673.20279025032,80.5852315451232,2016,0.048162262228279
5350528.36,1852.82630553295,193.45891004756,2016,0.104412868853302
5350528.37,2523.69449876744,108.023762705974,2016,0.042803819067138
5350528.39,1358.97748371528,0.265278767281131,2016,0.000195204681799
5350528.40,2101.66260176381,19.2178122027849,2016,0.009144099622202
5350528.41,3283.62983992967,186.53642206584,2016,0.056807993336373
5350528.42,2049.25011144816,96.1185560822046,2016,0.046904258072374
5350528.43,1235.09988855184,57.9314439177954,2016,0.046904258072374
5350528.44,857.498077792909,82.3961832099308,2016,0.096089058790672
5350528.45,1197.49134265048,115.065816025262,2016,0.096089058790671
5350528.46,1202.53860499715,13.0094532691681,2016,0.010818324846377
5350528.47,2236.07139500285,24.1905467308319,2016,0.010818324846377
5350528.48,1760.28795922151,48.8932252626853,2016,0.027775697155997
5350528.49,1270.33442993324,34.7992834535589,2016,0.027393796966825
5350529.01,880.094439976239,69.5320828291244,2016,0.079005251789799
5350529.02,1074.34086176949,88.2731135594657,2016,0.082164903803506
5350530.01,3224.46561852134,717.465259868059,2016,0.222506717313696
5350530.02,1279.28479519254,284.649460287615,2016,0.222506717313695
5350531.01,799.697180262432,46.1546234384394,2016,0.057715125897147
5350531.02,1531.53383886814,88.3926683260149,2016,0.057715125897147
5350532.01,983.22894172545,191.274610177849,2016,0.194537204979122
5350532.02,786.56105827455,153.015389822151,2016,0.194537204979122
5350540.01,2096.25745900106,243.635165994961,2016,0.116223875530567
5350540.02,2275.6545,365.607,2016,0.160660152936221
5350550.01,1546.49072502512,0,2016,0
5350550.02,2752.52690649463,142.755394106105,2016,0.051863396419222
5350560.00,1987.8518755776,151.926995540512,2016,0.076427724523673
5350561.00,2426.79016239935,173.909362279457,2016,0.071662299021154
5350562.02,2020.79,49.49,2016,0.024490422062659
5350562.03,1533.40842285498,6.6824650022055,2016,0.004357915935902
5350562.04,1465.73157714502,6.3875349977945,2016,0.004357915935902
5350562.05,1999.04591418236,176.59233581257,2016,0.088338309070204
5350562.06,1191.47518179683,58.640409296807,2016,0.049216643529556
5350562.07,1178.45481820317,57.999590703193,2016,0.049216643529556
5350562.08,1370.85844997296,91.6228320926404,2016,0.066836099740603
5350562.09,1296.86155002704,86.6771679073596,2016,0.066836099740603
5350562.11,1250.05408581764,110.42766418743,2016,0.088338309070204
5350562.12,2111.06155601299,408.549158393914,2016,0.193527828324206
5350562.13,1370.06844398701,258.850841606086,2016,0.188932781235957
5350562.14,1143.65159702331,22.7152000335226,2016,0.019861993016619
5350562.15,1144.63840297669,22.7347999664774,2016,0.019861993016619
5350563.01,2354.9,435.58,2016,0.184967514544142
5350563.02,1060.88309499466,71.4006377205432,2016,0.067303021470903
5350564.01,1132.99016320942,86.7182278400766,2016,0.07653925925926
5350564.02,1100.80470381896,84.2547766194113,2016,0.076539259259259
5350570.01,430.595373604471,24.7394309972468,2016,0.057454010223462
5350570.02,1978.89816079473,127.986527804716,2016,0.0646756515016
5350571.01,1255.72805090083,232.259424390848,2016,0.184959971408006
5350571.02,1537.03269792218,96.831226114096,2016,0.062998806886149
5350572.01,2785.5680494975,325.268038420421,2016,0.116769015382373
5350572.04,2129.39889999907,347.524030112373,2016,0.163202878574101
5350572.05,2172.73110000093,354.595969887627,2016,0.163202878574102
5350572.07,1274.16360186966,2.93230901235298,2016,0.002301359894483
5350572.08,924.536398130336,2.12769098764702,2016,0.002301359894483
5350572.09,1681.47981497452,0,2016,0
5350572.10,452.960185025476,0,2016,0
5350573.03,1430.56426218288,163.173845117622,2016,0.114062576167419
5350573.05,1684.35771686278,26.6290831679282,2016,0.015809636457466
5350573.06,1370.98824596492,66.7092476048821,2016,0.048657782297711
5350573.07,2135.14291668281,255.137881035382,2016,0.11949452144017
5350573.09,1631.74948913786,34.9170761917148,2016,0.021398551937138
5350573.10,1500.64773824788,73.0181909532179,2016,0.048657782297711
5350573.11,1213.45595161762,59.0440755216722,2016,0.048657782297711
5350574.00,3597.3331667667,734.669684151025,2016,0.204226200380364
5350575.01,2267.15486602896,536.031965130916,2016,0.236433766904421
5350575.02,1836.47331378788,434.204303398312,2016,0.23643376690442
5350575.03,1498.93084623423,51.0001256830484,2016,0.034024335286165
5350575.04,2184.60915376577,74.3298743169516,2016,0.034024335286165
5350575.05,2131.36,4.14,2016,0.00194242174011
5350575.07,1232.79756620435,27.1510672473768,2016,0.022023946178749
5350575.08,1665.0118267755,36.6903779161523,2016,0.022036106486527
5350576.04,1632.2,0,2016,0
5350576.05,1908.27894585396,26.0235017929457,2016,0.013637158157347
5350576.06,1773.57317140716,26.2824269987309,2016,0.014818913266419
5350576.07,1238.27105414604,16.8864982070543,2016,0.013637158157347
5350576.09,1586.47076331527,92.925584108807,2016,0.058573776622658
5350576.10,3575.06743561299,70.4661278377401,2016,0.019710433189537
5350576.16,1338.56916794835,10.0065997508239,2016,0.00747559408242
5350576.17,1586.95083205165,11.8634002491761,2016,0.00747559408242
5350576.20,1768.65527742283,15.9100368066836,2016,0.008995555555556
5350576.22,1748.92311557424,58.2667322887699,2016,0.033315776874296
5350576.24,2376.21,9.3,2016,0.003913795497873
5350576.29,614.540694683676,0,2016,0
5350576.31,1403.21021322605,67.8903833532175,2016,0.048382190147501
5350576.32,2020.26499001817,54.9750464417823,2016,0.027211799795277
5350576.33,648.207221775362,37.967945013464,2016,0.058573776622658
5350576.34,2056.86656170546,55.9710410827292,2016,0.027211799795277
5350576.40,1789.42,0,2016,0
5350576.41,1938.6966754978,20.794099061281,2016,0.010725813544784
5350576.42,2762.43035804892,27.4910597053648,2016,0.009951765707057
5350576.43,1525.5839507242,10.8957399918829,2016,0.007142012726806
5350576.44,927.506049275804,6.62426000811714,2016,0.007142012726806
5350576.45,935.410462144826,8.41029392794369,2016,0.008991019737645
5350576.46,1233.90592129884,11.0996692653727,2016,0.008995555555556
5350576.47,1191.80698452061,9.0350487443259,2016,0.007580966433051
5350576.49,1211.689617953,0,2016,0
5350576.50,1967.170382047,0,2016,0
5350576.52,1306.03442055037,9.5636719576839,2016,0.007322679867544
5350576.53,1248.28652981555,9.07934420128102,2016,0.007273445626801
5350576.54,853.001154980982,0,2016,0
5350576.55,1096.97718415252,0,2016,0
5350576.56,781.279157939613,0.755024375259988,2016,0.000966395132376
5350576.57,2056.4108090514,14.4700356669188,2016,0.007036549119091
5350576.58,2533.72625864891,16.2719959658027,2016,0.006422160211766
5350576.59,1612.86374135109,14.0680040341973,2016,0.008722376028128
5350576.60,1966.97946091665,7.95829314860476,2016,0.00404594623723
5350576.61,2329.79895449452,9.42624131343988,2016,0.00404594623723
5350576.62,1348.722271348,5.45685779882896,2016,0.00404594623723
5350576.63,1518.80002236745,1.6096586130582,2016,0.001059822616113
5350576.64,1357.66341032559,11.3762794344864,2016,0.008379307675205
5350576.65,1313.81591355678,7.15760964940293,2016,0.005447954751915
5350576.66,1562.16090690449,13.1736454370776,2016,0.008432963197871
5350576.67,1640.94597752126,8.20962227415247,2016,0.005002981442786
5350576.68,904.852318160495,6.85965505084268,2016,0.007580966433051
5350576.69,1292.0906973189,9.79529620483142,2016,0.007580966433051
5350576.70,6751.52693559347,17.3300060888983,2016,0.002566827660501
5350576.71,5341.71871478017,147.480162945782,2016,0.027609121861418
5350576.72,2275.48567103005,65.5016560397091,2016,0.028785791478994
5350585.02,2044.22170210125,10.578775363385,2016,0.005174964805682
5350585.03,1802.75658881292,94.4236252036123,2016,0.052377356870895
5350585.05,2208.51,17.82,2016,0.008068788459187
5350585.07,1989.93905145127,8.77759943300267,2016,0.004410989083611
5350585.08,1436.1137860581,5.82,2016,0.004052603670058
5350585.09,1989.18,14.39,2016,0.007234136679436
5350585.10,1283.58619783065,24.8624055308077,2016,0.019369486500265
5350586.01,3670.43296753745,0,2016,0
5350586.02,858.207282422241,0,2016,0
5350587.01,1786.43542134604,37.9417737430238,2016,0.021238816298456
5350587.02,2102.25714820629,79.6882262569762,2016,0.037906031773976
5350600.01,2186.82863821423,53.15,2016,0.024304602139929
5350600.02,2015.99849938224,0,2016,0
5350601.00,1219.10836240354,0,2016,0
5350602.00,1900.48923682461,134.939655913932,2016,0.071002588859379
5350603.00,1595.5391425901,210.350177767201,2016,0.131836425790051
5350604.00,794.555,123.528,2016,0.155468155130859
5350605.00,1669.766,158.368,2016,0.094844427302987
5350606.00,2751.62762039333,291.592308256659,2016,0.105970846525729
5350607.00,1088.69128710961,46.7817643208293,2016,0.042970642710875
5350608.00,833.421713082347,36.6940937413792,2016,0.044028243043571
5350609.00,749.1545,27.546,2016,0.036769451428244
5350610.02,3192.06,0,2016,0
5350610.03,1786.025,90.18,2016,0.050492014389496
5350610.04,1786.025,90.18,2016,0.050492014389496
5350611.00,1120.40031278429,22.9703127842894,2016,0.020501880017515
5350612.01,52.6806064960384,37.3307195968254,2016,0.708623572882227
5350612.03,2114.55983168901,67.8851392868915,2016,0.032103673903929
5350612.05,1908.22085317342,63.1320556233155,2016,0.033084249927531
5350612.08,1725.56,9.66,2016,0.005598182618976
5350612.10,31.6388135918864,0,2016,0
5350612.11,2331.39071858569,27.4072616298399,2016,0.01175575651535
5350612.12,1705.00892173908,20.3060455364583,2016,0.011909641807473
5350612.13,1059.51479624707,40.4986210410697,2016,0.038223742777846
5350612.14,1805.05445278358,68.9952072909239,2016,0.03822333846191
5350612.15,2739.11,33.75,2016,0.012321520493883
5350612.18,1490.33314437432,37.2833893781617,2016,0.025016815548187
5350612.19,937.458665074662,23.4522305082223,2016,0.025016815548187
5350612.20,956.445679096537,23.9272251358184,2016,0.025016815548187
5350612.21,1708.28738241987,7.58585738910631,2016,0.004440621330564
5350612.22,1847.10750441201,8.17072330033507,2016,0.004423523417461
5350612.23,1627.41344633375,7.1989014897488,2016,0.004423523417461
5350612.24,2865.07105645405,18.7765699048694,2016,0.00655361404129
5350612.25,1507.49894354595,10.3034300951306,2016,0.006834784289065
5350612.26,1609.18,160.91,2016,0.099995028523845
5350612.27,1609.18591720015,84.9363853387206,2016,0.052782207718113
5350613.01,1548.83776759054,4.90992467027312,2016,0.003170070341138
5350613.03,1757.05911955635,121.89484307096,2016,0.069374354974315
5350613.04,1703.0350825262,321.428210803109,2016,0.188738455303174
5350614.01,881.918534991718,67.3220542255806,2016,0.076335910352778
5350614.02,1256.07844933385,14.7148919003512,2016,0.011714946553024
5350615.00,2729.9261972215,34.99,2016,0.01281719631674
5350620.01,3201.83136042295,36.05,2016,0.011259181369014
5350620.05,1563.86783251365,7.75451237380405,2016,0.004958547143552
5350620.06,1681.21582499135,8.33638792670593,2016,0.004958547143552
5350620.07,1439.756342495,7.13909969949002,2016,0.004958547143552
5350620.08,2313.41852980121,16.3378122376364,2016,0.007062194768121
5350620.09,1565.51402094424,11.1621877623636,2016,0.007130046497847
5350620.10,3493.85,4.22,2016,0.001207836627216
5350620.11,3060.55573898584,18.7132751023065,2016,0.006114338929997
5350620.12,5438.87426101416,49.3067248976935,2016,0.009065612207865
5350620.13,1079.78759479712,4.04175244510606,2016,0.003743099536039
5350621.00,1684.71,17.07,2016,0.010132307637516
5350622.00,1962.54642860922,55.4556270716075,2016,0.02825697586727
5350623.00,980.073406001588,35.3874616147593,2016,0.036106950150938
5350624.00,1916.43,36.46,2016,0.019024957864362
5350625.00,622.185380872581,16.3351588685272,2016,0.026254488406041
5350626.00,2263.69678551453,1.04684411880141E-06,2016,4.62448913432311E-10
5350630.00,1391.2131640807,8.04,2016,0.005779128754372
5350631.02,1506.39030126079,0,2016,0
5350631.03,1429.12748795982,0.093372577276479,2016,6.53353728503081E-05
5350631.04,1468.59960037581,0,2016,0
5350632.00,1363.64563757771,180.576019879607,2016,0.132421513994186
5350633.00,1102.31581840155,79.3538532947171,2016,0.071988310400722
5350634.01,1961.76424274652,55.5737749430161,2016,0.028328467678263
5350634.02,862.446641013084,23.2669838458859,2016,0.026977882154605
5350635.00,2265.02542231189,92.8828108003943,2016,0.04100740322181
5350636.00,1197.17013193105,48.6463396261766,2016,0.040634441445436
5350637.00,3091.69350458373,24.6717030919195,2016,0.007979996417931
5350638.00,2033.62575664745,77.9846565095791,2016,0.038347594809254
5350639.00,1456.19803299439,69.010484384584,2016,0.047390864992914
5350800.01,1705.71320875105,99.8458544991239,2016,0.058536132561366
5350800.02,1468.21,64.8,2016,0.04413537572963
5350801.01,1257.50069613839,16.9051074818997,2016,0.013443417990792
5350801.02,2117.49609511056,31.7490380189764,2016,0.014993670161795
5350802.01,1420.39514731743,34.919092298053,2016,0.024584068992352
5350802.02,1688.63014085234,41.513399885278,2016,0.024584068992351
5350803.03,1580.59229950263,8.93344953190926,2016,0.005651963213234
5350803.04,1823.16,21.32,2016,0.011693981877619
5350803.05,2276.50519465155,25.7464519208479,2016,0.011309638994603
5350803.06,1444.21480534845,16.3335480791521,2016,0.011309638994603
5350804.01,2227.41002735311,25.8855255607152,2016,0.011621356302987
5350804.05,2391.680546889,23.7544862546248,2016,0.009932131732862
5350804.06,1151.87116837981,135.197520588873,2016,0.117372084917307
5350804.07,1168.63470054388,137.165091309549,2016,0.117372084917308
5350804.08,1037.9,0,2016,0
5350804.10,2514.97316260837,256.060074504486,2016,0.101814237349124
5350804.11,1887.9580947232,141.583852249842,2016,0.074993111682704
5350804.12,2519.69691419543,11.3483412469265,2016,0.004503851706526
5350804.13,1001.86258043517,14.4179930629567,2016,0.014391188317158
5350805.04,3039.79312598423,50.3931648947759,2016,0.016577827110672
5350805.06,2154.78259831156,89.4078294088762,2016,0.041492737819089
5350805.09,1522.48740168844,63.1721705911238,2016,0.041492737819089
5350805.10,1687.87604442144,21.9576938181611,2016,0.013009067751588
5350805.12,2597.79658389325,94.3213417669021,2016,0.03630820917685
5350805.14,2165.9670850328,24.76,2016,0.011431383316531
5350805.15,3112.25460909264,18.22,2016,0.005854276814875
5350805.16,2042.19868988503,0,2016,0
5350805.17,938.889615989533,0,2016,0
5350805.18,921.923887102078,22.9721074466324,2016,0.024917574832388
5350805.19,407.423228075885,5.30019637760993,2016,0.013009067751588
5350805.20,847.494040358197,23.3050236898706,2016,0.027498746398288
5350805.21,303.03,10.52,2016,0.034716034716035
5350806.00,530.587405762876,3.08,2016,0.005804887124246
5350807.00,858.422288861703,0,2016,0
5350810.01,662.166261810945,73.6068801681526,2016,0.111160722636104
5350810.02,888.19853440617,98.7327909289188,2016,0.111160722636105
5350810.03,1185.08847360591,131.735291113751,2016,0.111160722636105
5350810.04,2849.87163115318,316.793789939121,2016,0.111160722636104
5350810.05,1621.83,44.1,2016,0.027191505891493
5350811.00,1572.54793268137,200.303059265409,2016,0.12737485141319
5350812.00,2004.82238252659,49.690284061758,2016,0.024785379739793
5350820.03,1671.55485695585,21.7453703846348,2016,0.013009067751588
5350820.04,637.765870546821,8.29673941959416,2016,0.013009067751588
5350820.05,713.184937502633,54.8683922012803,2016,0.076934311587417
5350820.06,970.040961217693,69.299260270209,2016,0.071439519608757
5350820.07,984.682058502573,75.6722799433344,2016,0.076849455405343
5350830.00,1812.97851400713,16.3176131512996,2016,0.009000444861993
5350831.01,2073.1,46.04,2016,0.022208287106266
5350831.02,2371.48481374983,155.635525224738,2016,0.065627881874835
5350832.00,1407.11,9.55,2016,0.006786960507707
5370001.01,500.622178822185,39.3643813750318,2016,0.078630917766457
5370001.02,1197.1835756158,9.32308401738787,2016,0.007787514135075
5370001.04,1604.43299327886,98.5676802085465,2016,0.061434588182527
5370001.05,2355.50917355348,197.184661746199,2016,0.083712117940398
5370001.06,1742.97309726986,6.81995528998343,2016,0.003912828775536
5370001.07,1311.65443283992,18.4718111444656,2016,0.014082833619882
5370001.08,2191.24074821136,129.582462548146,2016,0.059136570298777
5370001.09,2201.47268289397,131.38677322592,2016,0.059681309809942
5370002.01,1623.42855935813,0,2016,0
5370002.03,991.87,116.31,2016,0.117263351043988
5370002.04,1601.8400432004,123.296692444,2016,0.07697191299929
5370002.05,1975.73958185692,99.6160312418222,2016,0.050419616105579
5370002.06,1412.67041814308,187.433968758178,2016,0.132680607133089
5370003.01,1570.55589364541,168.969547270503,2016,0.107585822290163
5370003.02,1003.65166334512,118.01761325289,2016,0.117588220657696
5370003.03,923.553782845455,134.679464231307,2016,0.145827418752335
5370003.04,2112.21144064187,343.37,2016,0.162564217479882
5370004.01,989.022794651424,207.261281362528,2016,0.209561682989901
5370004.02,1638.5980317951,234.184056891273,2016,0.142917330759101
5370005.01,2367.61690273014,358.330044710017,2016,0.15134629436748
5370005.02,1511.15556716008,204.018188855534,2016,0.135008064880405
5370005.03,1981.4,156.36,2016,0.078913899263147
5370006.00,1518.07100275159,154.851069488389,2016,0.102005156022157
5370007.00,1738.76,431.17,2016,0.247975568796154
5370008.00,809.14,56.44,2016,0.069753071161975
5370009.00,1542.92,329.04,2016,0.213257978378659
5370010.00,1010.78,136.34,2016,0.13488592967807
5370011.00,1108.91,21.49,2016,0.019379390572725
5370012.00,396.83,101.88,2016,0.256734621878386
5370013.00,931.172965021097,130.07,2016,0.139684038181943
5370014.00,809.502559664991,19.8996393668563,2016,0.024582552740898
5370015.00,423.859692382371,10.9337750833251,2016,0.02579574156219
5370016.00,744.694701741788,85.7781536725919,2016,0.115185663966674
5370017.00,2040.79768692709,46.257748936176,2016,0.022666504001104
5370018.00,65.3670349789033,0,2016,0
5370019.00,1951.29544110655,361.417599176786,2016,0.185219312033975
5370020.00,1423.46219309263,51.263176592343,2016,0.036013022924738
5370021.00,2269.1,208.02,2016,0.091675113481116
5370022.00,2155.89,259.93,2016,0.120567375886525
5370023.00,1257.22,64.27,2016,0.051120726682681
5370024.00,838.22,15.95,2016,0.019028417360598
5370025.00,741.373608799631,24.4801645084782,2016,0.033020010717828
5370026.01,1409.76778383477,205.430475288562,2016,0.145719371405808
5370026.02,642.76,93.17,2016,0.144953015122285
5370026.03,1438.89924882958,144.377930930804,2016,0.100339152340404
5370026.04,439.475883513409,12.4146984403149,2016,0.028248873046378
5370026.05,2079.00703136549,162.330437863985,2016,0.078080754617442
5370026.06,1724.87075117042,173.072069069196,2016,0.100339152340404
5370027.00,550.815652336897,61.3727157414108,2016,0.111421517309884
5370028.00,1082.96769320149,126.974343678598,2016,0.117246658857601
5370029.00,2111.27,355.45,2016,0.168358381448133
5370030.00,1272.93690951764,53.2253986909401,2016,0.041813068890515
5370031.00,836.883090482365,52.0846013090599,2016,0.062236412590245
5370032.00,1918.36,660.27,2016,0.344184616026189
5370033.00,1473.66,536.64,2016,0.364154553967672
5370034.00,2784.97236580082,1177.50922423087,2016,0.422808225564664
5370035.00,2794.41,919.93,2016,0.3292036601644
5370036.00,1513.49,755.98,2016,0.499494545718835
5370037.00,2739.86,1020.57,2016,0.372489835247056
5370038.00,2631.77,1079.19,2016,0.410062429467621
5370039.00,3064.11,939.29,2016,0.306545783278015
5370040.00,1110.8,201.38,2016,0.181292761973353
5370041.00,1178.26,568.35,2016,0.482363824622749
5370042.00,1155.79,145.53,2016,0.125913877088398
5370043.00,1245.76429816207,205.840928092017,2016,0.165232643442827
5370044.00,2967.24282192609,703.05434713675,2016,0.236938595635522
5370045.00,1074.60156162102,98.212364757472,2016,0.09139421369286
5370046.00,1270.80462151155,453.046646554953,2016,0.356503776336664
5370047.00,1692.7,494.5,2016,0.292136822827435
5370048.00,766.27,251.03,2016,0.327599932138802
5370049.00,1394.9,702.14,2016,0.503362248189834
5370050.00,2548.69,1252.22,2016,0.491319069796641
5370051.00,2087.76,970.09,2016,0.464655899145496
5370052.00,1680.52,296.95,2016,0.176701259134078
5370053.00,1105.06,355.66,2016,0.32184677755054
5370054.00,968.43,186.57,2016,0.192652024410644
5370055.00,1235.49668367984,176.790831701243,2016,0.143092922900193
5370056.00,1625.89022752913,50.6772278383151,2016,0.031168911025026
5370057.00,1385.15,116.34,2016,0.083990903512255
5370058.00,1138.47,300.26,2016,0.26373993166267
5370059.00,937.14,18.68,2016,0.019932987600572
5370060.00,590.07,114.81,2016,0.194570135746606
5370061.00,570,110.26,2016,0.193438596491228
5370062.00,926.99,207.74,2016,0.224101662369605
5370063.00,978.07,526.32,2016,0.538120993384932
5370064.00,331.06,8.35,2016,0.02522201413641
5370065.00,823.925018799113,190.906742959158,2016,0.231704024763574
5370066.00,2090.18886876283,490.828449171427,2016,0.234824927310012
5370067.00,704.168908652064,178.120736847086,2016,0.25295172033092
5370068.00,203.837437846397,77.1693008822259,2016,0.378582569019423
5370069.00,88.6023204788091,0.061455128105292,2016,0.000693606304814
5370070.00,793.019754044775,31.9162442942588,2016,0.040246468176197
5370071.00,2490.05559004703,877.868301881534,2016,0.352549680171981
5370072.01,14.5939395593264,0.403525275937845,2016,0.02765019508937
5370072.02,1678.16280148483,575.849861796895,2016,0.343143025984956
5370072.03,2970.34725122817,540.714278441887,2016,0.182037395869562
5370072.04,1614.42766432583,184.200404361772,2016,0.114096412265515
5370073.00,878.187820580373,0.68885573846458,2016,0.000784405934951
5370080.01,820.875567838176,18.8027982776946,2016,0.022905783792802
5370080.03,1894.50261305984,110.305075690898,2016,0.058223765399163
5370080.05,2369.67,0,2016,0
5370080.06,1536.51630499195,33.7371408696292,2016,0.021956903913106
5370080.07,1342.37957497372,50.1428591303708,2016,0.037353711323679
5370081.00,810.197862578994,89.022230120309,2016,0.109877147585821
5370082.00,1525.53652171943,231.262046184673,2016,0.151593910006178
5370083.00,979.513314302458,67.3533894887687,2016,0.068762096957031
5370084.01,1034.97288788053,117.639684756538,2016,0.11366450863988
5370084.02,893.006212541738,7.69507631839949,2016,0.008617046791306
5370084.03,856.677918835395,7.38203371168361,2016,0.008617046791306
5370084.04,1372.5615543929,45.5690078576578,2016,0.033199973955131
5370084.05,969.778272082521,110.224399921613,2016,0.113659382865853
5370085.01,1406.31343171379,6.64799078818803,2016,0.004727246884136
5370085.02,1018.57500316946,4.80908312171506,2016,0.004721383409912
5370085.03,2992.36288013655,19.6474255863432,2016,0.006565856606752
5370086.00,2923.48179553494,0,2016,0
5370100.01,4095.15306413518,28.9673483968916,2016,0.00707356915437
5370100.02,2620.37903380321,33.1426516031084,2016,0.012648037240248
5370101.01,2569.14747611584,0,2016,0
5370101.02,1215.63042594577,0,2016,0
5370120.02,638.192355411217,0,2016,0
5370120.03,1807.82470582137,33.4042043815066,2016,0.018477568247597
5370120.04,2588.80906169099,49.3619455667909,2016,0.019067433862638
5370121.00,956.601985387158,0,2016,0
5370122.01,1893.03683691182,41.2913356216654,2016,0.021812219824008
5370122.02,1790.98506282219,33.8578337437148,2016,0.018904587451088
5370123.00,2407.60764090232,21.253761866687,2016,0.008827751459836
5370124.00,1958.99616474875,34.6416041739762,2016,0.017683344560513
5370130.02,1642.80158364658,77.8583512829735,2016,0.047393642700386
5370130.03,1088.06061191931,51.6329258330512,2016,0.047454089659557
5370131.00,2012.43144144474,159.784548368778,2016,0.079398753705651
5370132.00,1241.82925722272,127.945101276342,2016,0.103029543338739
5370133.01,2400.57080244411,163.827636545684,2016,0.068245284154454
5370133.02,1365.00516010649,93.1540011367138,2016,0.068244431493172
5370140.02,2921.88399666625,72.1273568504305,2016,0.024685222593616
5370140.03,2969.04200074297,29.8894261869366,2016,0.010067027067808
5370140.04,1277.91755596375,13.0032169626329,2016,0.010175317571897
5370141.00,1504.67482702405,0.000145752341384,2016,9.68663386708405E-08
5370142.01,1530.31014861816,0,2016,0
5370142.02,1825.61927561345,0,2016,0
5370143.00,1039.82852108005,18.7198542476586,2016,0.018002828224229
5370144.01,1350.7,43.01,2016,0.031842748204635
5370144.02,659.72,0,2016,0
5370200.00,1405.07257975568,5.78386132907696E-07,2016,4.11641463395626E-10
5370201.00,1069.31967605049,59.7684721487848,2016,0.055893923479963
5370202.00,2589.54902862157,141.222943340134,2016,0.054535728723124
5370203.00,1354.38401821869,67.8236688084099,2016,0.050077133143976
5370204.00,2090.296,23.98,2016,0.011472059459522
5370205.01,3119.68554535805,148.06362894214,2016,0.047461074774813
5370205.02,970.653550322281,67.1663710578602,2016,0.069197059069695
5370206.00,2177.67668140105,217.319897129568,2016,0.099794381317318
5370207.01,2070.79991521955,16.5956034805684,2016,0.008014102839486
5370207.02,1919.81412591233,23.3991501581053,2016,0.012188237310206
5370207.03,1741.84410424667,12.9497673329173,2016,0.007434515695949
5370207.04,788.255004807606,9.60639657954026,2016,0.012186914794008
5370208.00,1415.19887852956,42.9564482096321,2016,0.030353647717885
5370209.00,689.154427976577,9.21141317652135,2016,0.013366254068144
5370210.00,741.458905557685,64.0229977113285,2016,0.086347331229603
5370211.00,1816.54699710952,87.7621709855999,2016,0.048312634424128
5370212.00,649.905755142875,44.7888488667805,2016,0.068915913595709
5370213.00,1959.27097008981,253.861581960549,2016,0.129569409150646
5370214.00,1122.43523523491,144.067559656631,2016,0.128352670278103
5370215.00,877.324528068115,164.76908230339,2016,0.187808589674581
5370216.00,1517.3,59.61,2016,0.039286891188295
5370217.01,2578,312.35,2016,0.121159813809154
5370217.02,1144.41,0,2016,0
5370218.00,2784.01,60.66,2016,0.021788714839386
5370219.00,1578.93,44.13,2016,0.027949307442382
5370220.00,2306.17444130626,96.1659956965903,2016,0.041699358892435
5370221.00,1351.71555869374,61.3440043034097,2016,0.045382332036402
5370222.01,138.482225836488,0,2016,0
5370222.02,1718.24507844983,115.357794376612,2016,0.067136985185307
5370222.03,1619.08269571369,109.962205623388,2016,0.067916361477087
5370223.01,1051.95686218186,38.3752435407903,2016,0.03647986426097
5370223.02,1635.55313781814,59.6647564592097,2016,0.03647986426097
5370223.05,1085.36933378578,22.1076824657383,2016,0.020368810668924
5370223.06,1822.2473036123,43.7179240558257,2016,0.023991213469853
5370223.07,1436.64799666813,34.466928769101,2016,0.023991213469853
5370223.09,3174.5953374748,25.1580248611612,2016,0.007924797395177
5370223.10,1284.8246625252,10.1819751388388,2016,0.007924797395177
5370223.12,3629.3,167.77,2016,0.046226545063786
5370223.13,1404.17679173736,10.3343395176592,2016,0.007359713946613
5370223.14,1348.56479990744,9.92505116578965,2016,0.007359713946613
5370223.15,558.528408355202,4.11060931655114,2016,0.007359713946613
5370223.16,705.114277752609,16.9165471582037,2016,0.023991213469853
5370224.01,3357.55,0,2016,0
5370224.02,1677.63044832489,0,2016,0
